home_team,away_team,full_time_result,season,day_of_week,month,day_of_week_sin,day_of_week_cos,month_sin,month_cos,implied_home_win_prob,implied_draw_prob,implied_away_win_prob,home_roll_3_avg_home_total_goals,away_roll_3_avg_home_total_goals,home_roll_3_avg_away_total_goals,away_roll_3_avg_away_total_goals,home_roll_3_avg_home_total_shots,away_roll_3_avg_home_total_shots,home_roll_3_avg_away_total_shots,away_roll_3_avg_away_total_shots,home_roll_3_avg_home_shots_on_target,away_roll_3_avg_home_shots_on_target,home_roll_3_avg_away_shots_on_target,away_roll_3_avg_away_shots_on_target,home_roll_3_avg_home_fouls,away_roll_3_avg_home_fouls,home_roll_3_avg_away_fouls,away_roll_3_avg_away_fouls,home_roll_3_avg_home_corners,away_roll_3_avg_home_corners,home_roll_3_avg_away_corners,away_roll_3_avg_away_corners,home_roll_3_avg_home_yellow_cards,away_roll_3_avg_home_yellow_cards,home_roll_3_avg_away_yellow_cards,away_roll_3_avg_away_yellow_cards,home_roll_3_avg_home_red_cards,away_roll_3_avg_home_red_cards,home_roll_3_avg_away_red_cards,away_roll_3_avg_away_red_cards,home_roll_3_avg_home_shot_accuracy,away_roll_3_avg_home_shot_accuracy,home_roll_3_avg_away_shot_accuracy,away_roll_3_avg_away_shot_accuracy,home_roll_3_avg_ratio_h_a_shots,away_roll_3_avg_ratio_h_a_shots,home_roll_3_avg_ratio_h_a_fouls,away_roll_3_avg_ratio_h_a_fouls,home_roll_3_avg_ratio_a_h_shots,away_roll_3_avg_ratio_a_h_shots,home_roll_3_avg_ratio_a_h_fouls,away_roll_3_avg_ratio_a_h_fouls,home_roll_3_avg_goal_difference,away_roll_3_avg_goal_difference,home_roll_5_avg_home_total_goals,away_roll_5_avg_home_total_goals,home_roll_5_avg_away_total_goals,away_roll_5_avg_away_total_goals,home_roll_5_avg_home_total_shots,away_roll_5_avg_home_total_shots,home_roll_5_avg_away_total_shots,away_roll_5_avg_away_total_shots,home_roll_5_avg_home_shots_on_target,away_roll_5_avg_home_shots_on_target,home_roll_5_avg_away_shots_on_target,away_roll_5_avg_away_shots_on_target,home_roll_5_avg_home_fouls,away_roll_5_avg_home_fouls,home_roll_5_avg_away_fouls,away_roll_5_avg_away_fouls,home_roll_5_avg_home_corners,away_roll_5_avg_home_corners,home_roll_5_avg_away_corners,away_roll_5_avg_away_corners,home_roll_5_avg_home_yellow_cards,away_roll_5_avg_home_yellow_cards,home_roll_5_avg_away_yellow_cards,away_roll_5_avg_away_yellow_cards,home_roll_5_avg_home_red_cards,away_roll_5_avg_home_red_cards,home_roll_5_avg_away_red_cards,away_roll_5_avg_away_red_cards,home_roll_5_avg_home_shot_accuracy,away_roll_5_avg_home_shot_accuracy,home_roll_5_avg_away_shot_accuracy,away_roll_5_avg_away_shot_accuracy,home_roll_5_avg_ratio_h_a_shots,away_roll_5_avg_ratio_h_a_shots,home_roll_5_avg_ratio_h_a_fouls,away_roll_5_avg_ratio_h_a_fouls,home_roll_5_avg_ratio_a_h_shots,away_roll_5_avg_ratio_a_h_shots,home_roll_5_avg_ratio_a_h_fouls,away_roll_5_avg_ratio_a_h_fouls,home_roll_5_avg_goal_difference,away_roll_5_avg_goal_difference,home_cumulative_points,away_cumulative_points
man united,fulham,H,2024,4,8,-0.8660254037844384,-0.5000000000000004,-0.8660254037844384,-0.5000000000000004,0.5932203389830508,0.22598870056497172,0.18079096045197737,0.0,0.0,0.0,0.0,0.0,0.0,0.0,0.0,0.0,0.0,0.0,0.0,0.0,0.0,0.0,0.0,0.0,0.0,0.0,0.0,0.0,0.0,0.0,0.0,0.0,0.0,0.0,0.0,0.0,0.0,0.0,0.0,0.0,0.0,0.0,0.0,0.0,0.0,0.0,0.0,0.0,0.0,0.0,0.0,0.0,0.0,0.0,0.0,0.0,0.0,0.0,0.0,0.0,0.0,0.0,0.0,0.0,0.0,0.0,0.0,0.0,0.0,0.0,0.0,0.0,0.0,0.0,0.0,0.0,0.0,0.0,0.0,0.0,0.0,0.0,0.0,0.0,0.0,0.0,0.0,0.0,0.0,0.0,0.0,3,0
ipswich,liverpool,A,2024,5,8,-0.8660254037844386,0.5000000000000001,-0.8660254037844384,-0.5000000000000004,0.11190148386109836,0.17293865687624294,0.7151598592626587,0.0,0.0,0.0,0.0,0.0,0.0,0.0,0.0,0.0,0.0,0.0,0.0,0.0,0.0,0.0,0.0,0.0,0.0,0.0,0.0,0.0,0.0,0.0,0.0,0.0,0.0,0.0,0.0,0.0,0.0,0.0,0.0,0.0,0.0,0.0,0.0,0.0,0.0,0.0,0.0,0.0,0.0,0.0,0.0,0.0,0.0,0.0,0.0,0.0,0.0,0.0,0.0,0.0,0.0,0.0,0.0,0.0,0.0,0.0,0.0,0.0,0.0,0.0,0.0,0.0,0.0,0.0,0.0,0.0,0.0,0.0,0.0,0.0,0.0,0.0,0.0,0.0,0.0,0.0,0.0,0.0,0.0,0.0,0.0,0,3
arsenal,wolves,H,2024,5,8,-0.8660254037844386,0.5000000000000001,-0.8660254037844384,-0.5000000000000004,0.8012162051113485,0.12605801627085214,0.07272577861779932,0.0,0.0,0.0,0.0,0.0,0.0,0.0,0.0,0.0,0.0,0.0,0.0,0.0,0.0,0.0,0.0,0.0,0.0,0.0,0.0,0.0,0.0,0.0,0.0,0.0,0.0,0.0,0.0,0.0,0.0,0.0,0.0,0.0,0.0,0.0,0.0,0.0,0.0,0.0,0.0,0.0,0.0,0.0,0.0,0.0,0.0,0.0,0.0,0.0,0.0,0.0,0.0,0.0,0.0,0.0,0.0,0.0,0.0,0.0,0.0,0.0,0.0,0.0,0.0,0.0,0.0,0.0,0.0,0.0,0.0,0.0,0.0,0.0,0.0,0.0,0.0,0.0,0.0,0.0,0.0,0.0,0.0,0.0,0.0,3,0
everton,brighton,A,2024,5,8,-0.8660254037844386,0.5000000000000001,-0.8660254037844384,-0.5000000000000004,0.35752979414951247,0.28494041170097506,0.35752979414951247,0.0,0.0,0.0,0.0,0.0,0.0,0.0,0.0,0.0,0.0,0.0,0.0,0.0,0.0,0.0,0.0,0.0,0.0,0.0,0.0,0.0,0.0,0.0,0.0,0.0,0.0,0.0,0.0,0.0,0.0,0.0,0.0,0.0,0.0,0.0,0.0,0.0,0.0,0.0,0.0,0.0,0.0,0.0,0.0,0.0,0.0,0.0,0.0,0.0,0.0,0.0,0.0,0.0,0.0,0.0,0.0,0.0,0.0,0.0,0.0,0.0,0.0,0.0,0.0,0.0,0.0,0.0,0.0,0.0,0.0,0.0,0.0,0.0,0.0,0.0,0.0,0.0,0.0,0.0,0.0,0.0,0.0,0.0,0.0,0,3
newcastle,southampton,H,2024,5,8,-0.8660254037844386,0.5000000000000001,-0.8660254037844384,-0.5000000000000004,0.6997667444185273,0.18127290903032325,0.11896034655114963,0.0,0.0,0.0,0.0,0.0,0.0,0.0,0.0,0.0,0.0,0.0,0.0,0.0,0.0,0.0,0.0,0.0,0.0,0.0,0.0,0.0,0.0,0.0,0.0,0.0,0.0,0.0,0.0,0.0,0.0,0.0,0.0,0.0,0.0,0.0,0.0,0.0,0.0,0.0,0.0,0.0,0.0,0.0,0.0,0.0,0.0,0.0,0.0,0.0,0.0,0.0,0.0,0.0,0.0,0.0,0.0,0.0,0.0,0.0,0.0,0.0,0.0,0.0,0.0,0.0,0.0,0.0,0.0,0.0,0.0,0.0,0.0,0.0,0.0,0.0,0.0,0.0,0.0,0.0,0.0,0.0,0.0,0.0,0.0,3,0
nottm forest,bournemouth,D,2024,5,8,-0.8660254037844386,0.5000000000000001,-0.8660254037844384,-0.5000000000000004,0.3883495145631068,0.27184466019417475,0.33980582524271846,0.0,0.0,0.0,0.0,0.0,0.0,0.0,0.0,0.0,0.0,0.0,0.0,0.0,0.0,0.0,0.0,0.0,0.0,0.0,0.0,0.0,0.0,0.0,0.0,0.0,0.0,0.0,0.0,0.0,0.0,0.0,0.0,0.0,0.0,0.0,0.0,0.0,0.0,0.0,0.0,0.0,0.0,0.0,0.0,0.0,0.0,0.0,0.0,0.0,0.0,0.0,0.0,0.0,0.0,0.0,0.0,0.0,0.0,0.0,0.0,0.0,0.0,0.0,0.0,0.0,0.0,0.0,0.0,0.0,0.0,0.0,0.0,0.0,0.0,0.0,0.0,0.0,0.0,0.0,0.0,0.0,0.0,0.0,0.0,1,1
west ham,aston villa,A,2024,5,8,-0.8660254037844386,0.5000000000000001,-0.8660254037844384,-0.5000000000000004,0.3888834331729352,0.26465678090935874,0.346459785917706,0.0,0.0,0.0,0.0,0.0,0.0,0.0,0.0,0.0,0.0,0.0,0.0,0.0,0.0,0.0,0.0,0.0,0.0,0.0,0.0,0.0,0.0,0.0,0.0,0.0,0.0,0.0,0.0,0.0,0.0,0.0,0.0,0.0,0.0,0.0,0.0,0.0,0.0,0.0,0.0,0.0,0.0,0.0,0.0,0.0,0.0,0.0,0.0,0.0,0.0,0.0,0.0,0.0,0.0,0.0,0.0,0.0,0.0,0.0,0.0,0.0,0.0,0.0,0.0,0.0,0.0,0.0,0.0,0.0,0.0,0.0,0.0,0.0,0.0,0.0,0.0,0.0,0.0,0.0,0.0,0.0,0.0,0.0,0.0,0,3
brentford,crystal palace,H,2024,6,8,-2.4492935982947064e-16,1.0,-0.8660254037844384,-0.5000000000000004,0.39471577261809454,0.27862289831865494,0.3266613290632506,0.0,0.0,0.0,0.0,0.0,0.0,0.0,0.0,0.0,0.0,0.0,0.0,0.0,0.0,0.0,0.0,0.0,0.0,0.0,0.0,0.0,0.0,0.0,0.0,0.0,0.0,0.0,0.0,0.0,0.0,0.0,0.0,0.0,0.0,0.0,0.0,0.0,0.0,0.0,0.0,0.0,0.0,0.0,0.0,0.0,0.0,0.0,0.0,0.0,0.0,0.0,0.0,0.0,0.0,0.0,0.0,0.0,0.0,0.0,0.0,0.0,0.0,0.0,0.0,0.0,0.0,0.0,0.0,0.0,0.0,0.0,0.0,0.0,0.0,0.0,0.0,0.0,0.0,0.0,0.0,0.0,0.0,0.0,0.0,3,0
chelsea,man city,A,2024,6,8,-2.4492935982947064e-16,1.0,-0.8660254037844384,-0.5000000000000004,0.23099703849950645,0.24284304047384012,0.5261599210266535,0.0,0.0,0.0,0.0,0.0,0.0,0.0,0.0,0.0,0.0,0.0,0.0,0.0,0.0,0.0,0.0,0.0,0.0,0.0,0.0,0.0,0.0,0.0,0.0,0.0,0.0,0.0,0.0,0.0,0.0,0.0,0.0,0.0,0.0,0.0,0.0,0.0,0.0,0.0,0.0,0.0,0.0,0.0,0.0,0.0,0.0,0.0,0.0,0.0,0.0,0.0,0.0,0.0,0.0,0.0,0.0,0.0,0.0,0.0,0.0,0.0,0.0,0.0,0.0,0.0,0.0,0.0,0.0,0.0,0.0,0.0,0.0,0.0,0.0,0.0,0.0,0.0,0.0,0.0,0.0,0.0,0.0,0.0,0.0,0,3
leicester,tottenham,D,2024,0,8,0.0,1.0,-0.8660254037844384,-0.5000000000000004,0.19079766949728813,0.2203206345234274,0.5888816959792843,0.0,0.0,0.0,0.0,0.0,0.0,0.0,0.0,0.0,0.0,0.0,0.0,0.0,0.0,0.0,0.0,0.0,0.0,0.0,0.0,0.0,0.0,0.0,0.0,0.0,0.0,0.0,0.0,0.0,0.0,0.0,0.0,0.0,0.0,0.0,0.0,0.0,0.0,0.0,0.0,0.0,0.0,0.0,0.0,0.0,0.0,0.0,0.0,0.0,0.0,0.0,0.0,0.0,0.0,0.0,0.0,0.0,0.0,0.0,0.0,0.0,0.0,0.0,0.0,0.0,0.0,0.0,0.0,0.0,0.0,0.0,0.0,0.0,0.0,0.0,0.0,0.0,0.0,0.0,0.0,0.0,0.0,0.0,0.0,1,1
brighton,man united,H,2024,5,8,-0.8660254037844386,0.5000000000000001,-0.8660254037844384,-0.5000000000000004,0.3807716387541087,0.2572781342933166,0.3619502269525748,0.0,0.0,0.0,0.0,0.0,0.0,0.0,0.0,0.0,0.0,0.0,0.0,0.0,0.0,0.0,0.0,0.0,0.0,0.0,0.0,0.0,0.0,0.0,0.0,0.0,0.0,0.0,0.0,0.0,0.0,0.0,0.0,0.0,0.0,0.0,0.0,0.0,0.0,0.0,0.0,0.0,0.0,0.0,0.0,0.0,0.0,0.0,0.0,0.0,0.0,0.0,0.0,0.0,0.0,0.0,0.0,0.0,0.0,0.0,0.0,0.0,0.0,0.0,0.0,0.0,0.0,0.0,0.0,0.0,0.0,0.0,0.0,0.0,0.0,0.0,0.0,0.0,0.0,0.0,0.0,0.0,0.0,0.0,0.0,3,0
crystal palace,west ham,A,2024,5,8,-0.8660254037844386,0.5000000000000001,-0.8660254037844384,-0.5000000000000004,0.4407039020657995,0.2631981637337414,0.29609793420045905,0.0,0.0,0.0,0.0,0.0,0.0,0.0,0.0,0.0,0.0,0.0,0.0,0.0,0.0,0.0,0.0,0.0,0.0,0.0,0.0,0.0,0.0,0.0,0.0,0.0,0.0,0.0,0.0,0.0,0.0,0.0,0.0,0.0,0.0,0.0,0.0,0.0,0.0,0.0,0.0,0.0,0.0,0.0,0.0,0.0,0.0,0.0,0.0,0.0,0.0,0.0,0.0,0.0,0.0,0.0,0.0,0.0,0.0,0.0,0.0,0.0,0.0,0.0,0.0,0.0,0.0,0.0,0.0,0.0,0.0,0.0,0.0,0.0,0.0,0.0,0.0,0.0,0.0,0.0,0.0,0.0,0.0,0.0,0.0,0,3
fulham,leicester,H,2024,5,8,-0.8660254037844386,0.5000000000000001,-0.8660254037844384,-0.5000000000000004,0.5239520958083832,0.25149700598802394,0.2245508982035928,0.0,0.0,0.0,0.0,0.0,0.0,0.0,0.0,0.0,0.0,0.0,0.0,0.0,0.0,0.0,0.0,0.0,0.0,0.0,0.0,0.0,0.0,0.0,0.0,0.0,0.0,0.0,0.0,0.0,0.0,0.0,0.0,0.0,0.0,0.0,0.0,0.0,0.0,0.0,0.0,0.0,0.0,0.0,0.0,0.0,0.0,0.0,0.0,0.0,0.0,0.0,0.0,0.0,0.0,0.0,0.0,0.0,0.0,0.0,0.0,0.0,0.0,0.0,0.0,0.0,0.0,0.0,0.0,0.0,0.0,0.0,0.0,0.0,0.0,0.0,0.0,0.0,0.0,0.0,0.0,0.0,0.0,0.0,0.0,3,0
man city,ipswich,H,2024,5,8,-0.8660254037844386,0.5000000000000001,-0.8660254037844384,-0.5000000000000004,0.8760951188986232,0.0788485607008761,0.04505632040050063,0.0,0.0,0.0,0.0,0.0,0.0,0.0,0.0,0.0,0.0,0.0,0.0,0.0,0.0,0.0,0.0,0.0,0.0,0.0,0.0,0.0,0.0,0.0,0.0,0.0,0.0,0.0,0.0,0.0,0.0,0.0,0.0,0.0,0.0,0.0,0.0,0.0,0.0,0.0,0.0,0.0,0.0,0.0,0.0,0.0,0.0,0.0,0.0,0.0,0.0,0.0,0.0,0.0,0.0,0.0,0.0,0.0,0.0,0.0,0.0,0.0,0.0,0.0,0.0,0.0,0.0,0.0,0.0,0.0,0.0,0.0,0.0,0.0,0.0,0.0,0.0,0.0,0.0,0.0,0.0,0.0,0.0,0.0,0.0,3,0
southampton,nottm forest,A,2024,5,8,-0.8660254037844386,0.5000000000000001,-0.8660254037844384,-0.5000000000000004,0.37265577737447064,0.2879612825166364,0.33938294010889286,0.0,0.0,0.0,0.0,0.0,0.0,0.0,0.0,0.0,0.0,0.0,0.0,0.0,0.0,0.0,0.0,0.0,0.0,0.0,0.0,0.0,0.0,0.0,0.0,0.0,0.0,0.0,0.0,0.0,0.0,0.0,0.0,0.0,0.0,0.0,0.0,0.0,0.0,0.0,0.0,0.0,0.0,0.0,0.0,0.0,0.0,0.0,0.0,0.0,0.0,0.0,0.0,0.0,0.0,0.0,0.0,0.0,0.0,0.0,0.0,0.0,0.0,0.0,0.0,0.0,0.0,0.0,0.0,0.0,0.0,0.0,0.0,0.0,0.0,0.0,0.0,0.0,0.0,0.0,0.0,0.0,0.0,0.0,0.0,0,3
tottenham,everton,H,2024,5,8,-0.8660254037844386,0.5000000000000001,-0.8660254037844384,-0.5000000000000004,0.6558682952734998,0.19883165161975572,0.14530005310674457,0.0,0.0,0.0,0.0,0.0,0.0,0.0,0.0,0.0,0.0,0.0,0.0,0.0,0.0,0.0,0.0,0.0,0.0,0.0,0.0,0.0,0.0,0.0,0.0,0.0,0.0,0.0,0.0,0.0,0.0,0.0,0.0,0.0,0.0,0.0,0.0,0.0,0.0,0.0,0.0,0.0,0.0,0.0,0.0,0.0,0.0,0.0,0.0,0.0,0.0,0.0,0.0,0.0,0.0,0.0,0.0,0.0,0.0,0.0,0.0,0.0,0.0,0.0,0.0,0.0,0.0,0.0,0.0,0.0,0.0,0.0,0.0,0.0,0.0,0.0,0.0,0.0,0.0,0.0,0.0,0.0,0.0,0.0,0.0,3,0
aston villa,arsenal,A,2024,5,8,-0.8660254037844386,0.5000000000000001,-0.8660254037844384,-0.5000000000000004,0.2167429884458061,0.24697293157114222,0.5362840799830516,0.0,0.0,0.0,0.0,0.0,0.0,0.0,0.0,0.0,0.0,0.0,0.0,0.0,0.0,0.0,0.0,0.0,0.0,0.0,0.0,0.0,0.0,0.0,0.0,0.0,0.0,0.0,0.0,0.0,0.0,0.0,0.0,0.0,0.0,0.0,0.0,0.0,0.0,0.0,0.0,0.0,0.0,0.0,0.0,0.0,0.0,0.0,0.0,0.0,0.0,0.0,0.0,0.0,0.0,0.0,0.0,0.0,0.0,0.0,0.0,0.0,0.0,0.0,0.0,0.0,0.0,0.0,0.0,0.0,0.0,0.0,0.0,0.0,0.0,0.0,0.0,0.0,0.0,0.0,0.0,0.0,0.0,0.0,0.0,0,3
bournemouth,newcastle,D,2024,6,8,-2.4492935982947064e-16,1.0,-0.8660254037844384,-0.5000000000000004,0.32453416149068326,0.24767080745341613,0.4277950310559006,0.0,0.0,0.0,0.0,0.0,0.0,0.0,0.0,0.0,0.0,0.0,0.0,0.0,0.0,0.0,0.0,0.0,0.0,0.0,0.0,0.0,0.0,0.0,0.0,0.0,0.0,0.0,0.0,0.0,0.0,0.0,0.0,0.0,0.0,0.0,0.0,0.0,0.0,0.0,0.0,0.0,0.0,0.0,0.0,0.0,0.0,0.0,0.0,0.0,0.0,0.0,0.0,0.0,0.0,0.0,0.0,0.0,0.0,0.0,0.0,0.0,0.0,0.0,0.0,0.0,0.0,0.0,0.0,0.0,0.0,0.0,0.0,0.0,0.0,0.0,0.0,0.0,0.0,0.0,0.0,0.0,0.0,0.0,0.0,1,1
wolves,chelsea,A,2024,6,8,-2.4492935982947064e-16,1.0,-0.8660254037844384,-0.5000000000000004,0.21945293518300807,0.23755780233560622,0.5429892624813857,0.0,0.0,0.0,0.0,0.0,0.0,0.0,0.0,0.0,0.0,0.0,0.0,0.0,0.0,0.0,0.0,0.0,0.0,0.0,0.0,0.0,0.0,0.0,0.0,0.0,0.0,0.0,0.0,0.0,0.0,0.0,0.0,0.0,0.0,0.0,0.0,0.0,0.0,0.0,0.0,0.0,0.0,0.0,0.0,0.0,0.0,0.0,0.0,0.0,0.0,0.0,0.0,0.0,0.0,0.0,0.0,0.0,0.0,0.0,0.0,0.0,0.0,0.0,0.0,0.0,0.0,0.0,0.0,0.0,0.0,0.0,0.0,0.0,0.0,0.0,0.0,0.0,0.0,0.0,0.0,0.0,0.0,0.0,0.0,0,3
liverpool,brentford,H,2024,6,8,-2.4492935982947064e-16,1.0,-0.8660254037844384,-0.5000000000000004,0.7483214528675796,0.1652814339377089,0.08639711319471147,0.0,0.0,0.0,0.0,0.0,0.0,0.0,0.0,0.0,0.0,0.0,0.0,0.0,0.0,0.0,0.0,0.0,0.0,0.0,0.0,0.0,0.0,0.0,0.0,0.0,0.0,0.0,0.0,0.0,0.0,0.0,0.0,0.0,0.0,0.0,0.0,0.0,0.0,0.0,0.0,0.0,0.0,0.0,0.0,0.0,0.0,0.0,0.0,0.0,0.0,0.0,0.0,0.0,0.0,0.0,0.0,0.0,0.0,0.0,0.0,0.0,0.0,0.0,0.0,0.0,0.0,0.0,0.0,0.0,0.0,0.0,0.0,0.0,0.0,0.0,0.0,0.0,0.0,0.0,0.0,0.0,0.0,0.0,0.0,3,0
arsenal,brighton,D,2024,5,8,-0.8660254037844386,0.5000000000000001,-0.8660254037844384,-0.5000000000000004,0.7151598592626587,0.17293865687624294,0.11190148386109836,0.0,0.0,0.0,0.0,0.0,0.0,0.0,0.0,0.0,0.0,0.0,0.0,0.0,0.0,0.0,0.0,0.0,0.0,0.0,0.0,0.0,0.0,0.0,0.0,0.0,0.0,0.0,0.0,0.0,0.0,0.0,0.0,0.0,0.0,0.0,0.0,0.0,0.0,0.0,0.0,0.0,0.0,0.0,0.0,0.0,0.0,0.0,0.0,0.0,0.0,0.0,0.0,0.0,0.0,0.0,0.0,0.0,0.0,0.0,0.0,0.0,0.0,0.0,0.0,0.0,0.0,0.0,0.0,0.0,0.0,0.0,0.0,0.0,0.0,0.0,0.0,0.0,0.0,0.0,0.0,0.0,0.0,0.0,0.0,4,4
brentford,southampton,H,2024,5,8,-0.8660254037844386,0.5000000000000001,-0.8660254037844384,-0.5000000000000004,0.539701816903434,0.2421738922002589,0.21812429089630705,0.0,0.0,0.0,0.0,0.0,0.0,0.0,0.0,0.0,0.0,0.0,0.0,0.0,0.0,0.0,0.0,0.0,0.0,0.0,0.0,0.0,0.0,0.0,0.0,0.0,0.0,0.0,0.0,0.0,0.0,0.0,0.0,0.0,0.0,0.0,0.0,0.0,0.0,0.0,0.0,0.0,0.0,0.0,0.0,0.0,0.0,0.0,0.0,0.0,0.0,0.0,0.0,0.0,0.0,0.0,0.0,0.0,0.0,0.0,0.0,0.0,0.0,0.0,0.0,0.0,0.0,0.0,0.0,0.0,0.0,0.0,0.0,0.0,0.0,0.0,0.0,0.0,0.0,0.0,0.0,0.0,0.0,0.0,0.0,6,0
everton,bournemouth,A,2024,5,8,-0.8660254037844386,0.5000000000000001,-0.8660254037844384,-0.5000000000000004,0.34634974533106966,0.28013582342954163,0.3735144312393889,0.0,0.0,0.0,0.0,0.0,0.0,0.0,0.0,0.0,0.0,0.0,0.0,0.0,0.0,0.0,0.0,0.0,0.0,0.0,0.0,0.0,0.0,0.0,0.0,0.0,0.0,0.0,0.0,0.0,0.0,0.0,0.0,0.0,0.0,0.0,0.0,0.0,0.0,0.0,0.0,0.0,0.0,0.0,0.0,0.0,0.0,0.0,0.0,0.0,0.0,0.0,0.0,0.0,0.0,0.0,0.0,0.0,0.0,0.0,0.0,0.0,0.0,0.0,0.0,0.0,0.0,0.0,0.0,0.0,0.0,0.0,0.0,0.0,0.0,0.0,0.0,0.0,0.0,0.0,0.0,0.0,0.0,0.0,0.0,0,4
ipswich,fulham,D,2024,5,8,-0.8660254037844386,0.5000000000000001,-0.8660254037844384,-0.5000000000000004,0.3163064833005893,0.2711198428290766,0.41257367387033395,0.0,0.0,0.0,0.0,0.0,0.0,0.0,0.0,0.0,0.0,0.0,0.0,0.0,0.0,0.0,0.0,0.0,0.0,0.0,0.0,0.0,0.0,0.0,0.0,0.0,0.0,0.0,0.0,0.0,0.0,0.0,0.0,0.0,0.0,0.0,0.0,0.0,0.0,0.0,0.0,0.0,0.0,0.0,0.0,0.0,0.0,0.0,0.0,0.0,0.0,0.0,0.0,0.0,0.0,0.0,0.0,0.0,0.0,0.0,0.0,0.0,0.0,0.0,0.0,0.0,0.0,0.0,0.0,0.0,0.0,0.0,0.0,0.0,0.0,0.0,0.0,0.0,0.0,0.0,0.0,0.0,0.0,0.0,0.0,1,1
leicester,aston villa,A,2024,5,8,-0.8660254037844386,0.5000000000000001,-0.8660254037844384,-0.5000000000000004,0.20955315870570107,0.2357473035439137,0.5546995377503853,0.0,0.0,0.0,0.0,0.0,0.0,0.0,0.0,0.0,0.0,0.0,0.0,0.0,0.0,0.0,0.0,0.0,0.0,0.0,0.0,0.0,0.0,0.0,0.0,0.0,0.0,0.0,0.0,0.0,0.0,0.0,0.0,0.0,0.0,0.0,0.0,0.0,0.0,0.0,0.0,0.0,0.0,0.0,0.0,0.0,0.0,0.0,0.0,0.0,0.0,0.0,0.0,0.0,0.0,0.0,0.0,0.0,0.0,0.0,0.0,0.0,0.0,0.0,0.0,0.0,0.0,0.0,0.0,0.0,0.0,0.0,0.0,0.0,0.0,0.0,0.0,0.0,0.0,0.0,0.0,0.0,0.0,0.0,0.0,1,6
nottm forest,wolves,D,2024,5,8,-0.8660254037844386,0.5000000000000001,-0.8660254037844384,-0.5000000000000004,0.4805194805194806,0.25974025974025977,0.25974025974025977,0.0,0.0,0.0,0.0,0.0,0.0,0.0,0.0,0.0,0.0,0.0,0.0,0.0,0.0,0.0,0.0,0.0,0.0,0.0,0.0,0.0,0.0,0.0,0.0,0.0,0.0,0.0,0.0,0.0,0.0,0.0,0.0,0.0,0.0,0.0,0.0,0.0,0.0,0.0,0.0,0.0,0.0,0.0,0.0,0.0,0.0,0.0,0.0,0.0,0.0,0.0,0.0,0.0,0.0,0.0,0.0,0.0,0.0,0.0,0.0,0.0,0.0,0.0,0.0,0.0,0.0,0.0,0.0,0.0,0.0,0.0,0.0,0.0,0.0,0.0,0.0,0.0,0.0,0.0,0.0,0.0,0.0,0.0,0.0,2,1
west ham,man city,A,2024,5,8,-0.8660254037844386,0.5000000000000001,-0.8660254037844384,-0.5000000000000004,0.1361434977578475,0.17327354260089683,0.6905829596412556,0.0,0.0,0.0,0.0,0.0,0.0,0.0,0.0,0.0,0.0,0.0,0.0,0.0,0.0,0.0,0.0,0.0,0.0,0.0,0.0,0.0,0.0,0.0,0.0,0.0,0.0,0.0,0.0,0.0,0.0,0.0,0.0,0.0,0.0,0.0,0.0,0.0,0.0,0.0,0.0,0.0,0.0,0.0,0.0,0.0,0.0,0.0,0.0,0.0,0.0,0.0,0.0,0.0,0.0,0.0,0.0,0.0,0.0,0.0,0.0,0.0,0.0,0.0,0.0,0.0,0.0,0.0,0.0,0.0,0.0,0.0,0.0,0.0,0.0,0.0,0.0,0.0,0.0,0.0,0.0,0.0,0.0,0.0,0.0,0,6
chelsea,crystal palace,D,2024,6,9,-2.4492935982947064e-16,1.0,-1.0,-1.8369701987210297e-16,0.5918858330143802,0.2187107004210181,0.1894034665646017,0.0,0.0,0.0,0.0,0.0,0.0,0.0,0.0,0.0,0.0,0.0,0.0,0.0,0.0,0.0,0.0,0.0,0.0,0.0,0.0,0.0,0.0,0.0,0.0,0.0,0.0,0.0,0.0,0.0,0.0,0.0,0.0,0.0,0.0,0.0,0.0,0.0,0.0,0.0,0.0,0.0,0.0,0.0,0.0,0.0,0.0,0.0,0.0,0.0,0.0,0.0,0.0,0.0,0.0,0.0,0.0,0.0,0.0,0.0,0.0,0.0,0.0,0.0,0.0,0.0,0.0,0.0,0.0,0.0,0.0,0.0,0.0,0.0,0.0,0.0,0.0,0.0,0.0,0.0,0.0,0.0,0.0,0.0,0.0,1,1
newcastle,tottenham,H,2024,6,9,-2.4492935982947064e-16,1.0,-1.0,-1.8369701987210297e-16,0.38095238095238093,0.23809523809523808,0.38095238095238093,0.0,0.0,0.0,0.0,0.0,0.0,0.0,0.0,0.0,0.0,0.0,0.0,0.0,0.0,0.0,0.0,0.0,0.0,0.0,0.0,0.0,0.0,0.0,0.0,0.0,0.0,0.0,0.0,0.0,0.0,0.0,0.0,0.0,0.0,0.0,0.0,0.0,0.0,0.0,0.0,0.0,0.0,0.0,0.0,0.0,0.0,0.0,0.0,0.0,0.0,0.0,0.0,0.0,0.0,0.0,0.0,0.0,0.0,0.0,0.0,0.0,0.0,0.0,0.0,0.0,0.0,0.0,0.0,0.0,0.0,0.0,0.0,0.0,0.0,0.0,0.0,0.0,0.0,0.0,0.0,0.0,0.0,0.0,0.0,6,1
man united,liverpool,A,2024,6,9,-2.4492935982947064e-16,1.0,-1.0,-1.8369701987210297e-16,0.25766871165644173,0.2269938650306749,0.5153374233128835,0.0,0.0,0.0,0.0,0.0,0.0,0.0,0.0,0.0,0.0,0.0,0.0,0.0,0.0,0.0,0.0,0.0,0.0,0.0,0.0,0.0,0.0,0.0,0.0,0.0,0.0,0.0,0.0,0.0,0.0,0.0,0.0,0.0,0.0,0.0,0.0,0.0,0.0,0.0,0.0,0.0,0.0,0.0,0.0,0.0,0.0,0.0,0.0,0.0,0.0,0.0,0.0,0.0,0.0,0.0,0.0,0.0,0.0,0.0,0.0,0.0,0.0,0.0,0.0,0.0,0.0,0.0,0.0,0.0,0.0,0.0,0.0,0.0,0.0,0.0,0.0,0.0,0.0,0.0,0.0,0.0,0.0,0.0,0.0,3,6
southampton,man united,A,2024,5,9,-0.8660254037844386,0.5000000000000001,-1.0,-1.8369701987210297e-16,0.20955315870570107,0.2357473035439137,0.5546995377503853,0.0,0.0,0.0,0.0,0.0,0.0,0.0,0.0,0.0,0.0,0.0,0.0,0.0,0.0,0.0,0.0,0.0,0.0,0.0,0.0,0.0,0.0,0.0,0.0,0.0,0.0,0.0,0.0,0.0,0.0,0.0,0.0,0.0,0.0,0.0,0.0,0.0,0.0,0.0,0.0,0.0,0.0,0.0,0.0,0.0,0.0,0.0,0.0,0.0,0.0,0.0,0.0,0.0,0.0,0.0,0.0,0.0,0.0,0.0,0.0,0.0,0.0,0.0,0.0,0.0,0.0,0.0,0.0,0.0,0.0,0.0,0.0,0.0,0.0,0.0,0.0,0.0,0.0,0.0,0.0,0.0,0.0,0.0,0.0,0,3
brighton,ipswich,D,2024,5,9,-0.8660254037844386,0.5000000000000001,-1.0,-1.8369701987210297e-16,0.6849315068493151,0.18904109589041096,0.12602739726027395,0.0,0.0,0.0,0.0,0.0,0.0,0.0,0.0,0.0,0.0,0.0,0.0,0.0,0.0,0.0,0.0,0.0,0.0,0.0,0.0,0.0,0.0,0.0,0.0,0.0,0.0,0.0,0.0,0.0,0.0,0.0,0.0,0.0,0.0,0.0,0.0,0.0,0.0,0.0,0.0,0.0,0.0,0.0,0.0,0.0,0.0,0.0,0.0,0.0,0.0,0.0,0.0,0.0,0.0,0.0,0.0,0.0,0.0,0.0,0.0,0.0,0.0,0.0,0.0,0.0,0.0,0.0,0.0,0.0,0.0,0.0,0.0,0.0,0.0,0.0,0.0,0.0,0.0,0.0,0.0,0.0,0.0,0.0,0.0,4,1
crystal palace,leicester,D,2024,5,9,-0.8660254037844386,0.5000000000000001,-1.0,-1.8369701987210297e-16,0.5883926183471516,0.23829901043059643,0.17330837122225196,0.0,0.0,0.0,0.0,0.0,0.0,0.0,0.0,0.0,0.0,0.0,0.0,0.0,0.0,0.0,0.0,0.0,0.0,0.0,0.0,0.0,0.0,0.0,0.0,0.0,0.0,0.0,0.0,0.0,0.0,0.0,0.0,0.0,0.0,0.0,0.0,0.0,0.0,0.0,0.0,0.0,0.0,0.0,0.0,0.0,0.0,0.0,0.0,0.0,0.0,0.0,0.0,0.0,0.0,0.0,0.0,0.0,0.0,0.0,0.0,0.0,0.0,0.0,0.0,0.0,0.0,0.0,0.0,0.0,0.0,0.0,0.0,0.0,0.0,0.0,0.0,0.0,0.0,0.0,0.0,0.0,0.0,0.0,0.0,1,1
fulham,west ham,D,2024,5,9,-0.8660254037844386,0.5000000000000001,-1.0,-1.8369701987210297e-16,0.39593908629441626,0.2899492385786802,0.3141116751269035,0.0,0.0,0.0,0.0,0.0,0.0,0.0,0.0,0.0,0.0,0.0,0.0,0.0,0.0,0.0,0.0,0.0,0.0,0.0,0.0,0.0,0.0,0.0,0.0,0.0,0.0,0.0,0.0,0.0,0.0,0.0,0.0,0.0,0.0,0.0,0.0,0.0,0.0,0.0,0.0,0.0,0.0,0.0,0.0,0.0,0.0,0.0,0.0,0.0,0.0,0.0,0.0,0.0,0.0,0.0,0.0,0.0,0.0,0.0,0.0,0.0,0.0,0.0,0.0,0.0,0.0,0.0,0.0,0.0,0.0,0.0,0.0,0.0,0.0,0.0,0.0,0.0,0.0,0.0,0.0,0.0,0.0,0.0,0.0,4,4
liverpool,nottm forest,A,2024,5,9,-0.8660254037844386,0.5000000000000001,-1.0,-1.8369701987210297e-16,0.7755791985681615,0.14557024957740877,0.07885055185442974,0.0,0.0,0.0,0.0,0.0,0.0,0.0,0.0,0.0,0.0,0.0,0.0,0.0,0.0,0.0,0.0,0.0,0.0,0.0,0.0,0.0,0.0,0.0,0.0,0.0,0.0,0.0,0.0,0.0,0.0,0.0,0.0,0.0,0.0,0.0,0.0,0.0,0.0,0.0,0.0,0.0,0.0,0.0,0.0,0.0,0.0,0.0,0.0,0.0,0.0,0.0,0.0,0.0,0.0,0.0,0.0,0.0,0.0,0.0,0.0,0.0,0.0,0.0,0.0,0.0,0.0,0.0,0.0,0.0,0.0,0.0,0.0,0.0,0.0,0.0,0.0,0.0,0.0,0.0,0.0,0.0,0.0,0.0,0.0,3,6
man city,brentford,H,2024,5,9,-0.8660254037844386,0.5000000000000001,-1.0,-1.8369701987210297e-16,0.802675585284281,0.11839464882943143,0.07892976588628761,0.0,0.0,0.0,0.0,0.0,0.0,0.0,0.0,0.0,0.0,0.0,0.0,0.0,0.0,0.0,0.0,0.0,0.0,0.0,0.0,0.0,0.0,0.0,0.0,0.0,0.0,0.0,0.0,0.0,0.0,0.0,0.0,0.0,0.0,0.0,0.0,0.0,0.0,0.0,0.0,0.0,0.0,0.0,0.0,0.0,0.0,0.0,0.0,0.0,0.0,0.0,0.0,0.0,0.0,0.0,0.0,0.0,0.0,0.0,0.0,0.0,0.0,0.0,0.0,0.0,0.0,0.0,0.0,0.0,0.0,0.0,0.0,0.0,0.0,0.0,0.0,0.0,0.0,0.0,0.0,0.0,0.0,0.0,0.0,6,0
aston villa,everton,H,2024,5,9,-0.8660254037844386,0.5000000000000001,-1.0,-1.8369701987210297e-16,0.6297577854671281,0.2249134948096886,0.14532871972318342,0.0,0.0,0.0,0.0,0.0,0.0,0.0,0.0,0.0,0.0,0.0,0.0,0.0,0.0,0.0,0.0,0.0,0.0,0.0,0.0,0.0,0.0,0.0,0.0,0.0,0.0,0.0,0.0,0.0,0.0,0.0,0.0,0.0,0.0,0.0,0.0,0.0,0.0,0.0,0.0,0.0,0.0,0.0,0.0,0.0,0.0,0.0,0.0,0.0,0.0,0.0,0.0,0.0,0.0,0.0,0.0,0.0,0.0,0.0,0.0,0.0,0.0,0.0,0.0,0.0,0.0,0.0,0.0,0.0,0.0,0.0,0.0,0.0,0.0,0.0,0.0,0.0,0.0,0.0,0.0,0.0,0.0,0.0,0.0,3,0
bournemouth,chelsea,A,2024,5,9,-0.8660254037844386,0.5000000000000001,-1.0,-1.8369701987210297e-16,0.2781844802342606,0.24890190336749632,0.47291361639824303,0.0,0.0,0.0,0.0,0.0,0.0,0.0,0.0,0.0,0.0,0.0,0.0,0.0,0.0,0.0,0.0,0.0,0.0,0.0,0.0,0.0,0.0,0.0,0.0,0.0,0.0,0.0,0.0,0.0,0.0,0.0,0.0,0.0,0.0,0.0,0.0,0.0,0.0,0.0,0.0,0.0,0.0,0.0,0.0,0.0,0.0,0.0,0.0,0.0,0.0,0.0,0.0,0.0,0.0,0.0,0.0,0.0,0.0,0.0,0.0,0.0,0.0,0.0,0.0,0.0,0.0,0.0,0.0,0.0,0.0,0.0,0.0,0.0,0.0,0.0,0.0,0.0,0.0,0.0,0.0,0.0,0.0,0.0,0.0,1,6
tottenham,arsenal,A,2024,6,9,-2.4492935982947064e-16,1.0,-1.0,-1.8369701987210297e-16,0.3163064833005893,0.2711198428290766,0.41257367387033395,0.0,0.0,0.0,0.0,0.0,0.0,0.0,0.0,0.0,0.0,0.0,0.0,0.0,0.0,0.0,0.0,0.0,0.0,0.0,0.0,0.0,0.0,0.0,0.0,0.0,0.0,0.0,0.0,0.0,0.0,0.0,0.0,0.0,0.0,0.0,0.0,0.0,0.0,0.0,0.0,0.0,0.0,0.0,0.0,0.0,0.0,0.0,0.0,0.0,0.0,0.0,0.0,0.0,0.0,0.0,0.0,0.0,0.0,0.0,0.0,0.0,0.0,0.0,0.0,0.0,0.0,0.0,0.0,0.0,0.0,0.0,0.0,0.0,0.0,0.0,0.0,0.0,0.0,0.0,0.0,0.0,0.0,0.0,0.0,3,6
wolves,newcastle,A,2024,6,9,-2.4492935982947064e-16,1.0,-1.0,-1.8369701987210297e-16,0.2785145888594165,0.27055702917771884,0.4509283819628648,0.0,0.0,0.0,0.0,0.0,0.0,0.0,0.0,0.0,0.0,0.0,0.0,0.0,0.0,0.0,0.0,0.0,0.0,0.0,0.0,0.0,0.0,0.0,0.0,0.0,0.0,0.0,0.0,0.0,0.0,0.0,0.0,0.0,0.0,0.0,0.0,0.0,0.0,0.0,0.0,0.0,0.0,0.0,0.0,0.0,0.0,0.0,0.0,0.0,0.0,0.0,0.0,0.0,0.0,0.0,0.0,0.0,0.0,0.0,0.0,0.0,0.0,0.0,0.0,0.0,0.0,0.0,0.0,0.0,0.0,0.0,0.0,0.0,0.0,0.0,0.0,0.0,0.0,0.0,0.0,0.0,0.0,0.0,0.0,0,4
west ham,chelsea,A,2024,5,9,-0.8660254037844386,0.5000000000000001,-1.0,-1.8369701987210297e-16,0.26530612244897955,0.24489795918367344,0.48979591836734687,0.0,0.0,0.0,0.0,0.0,0.0,0.0,0.0,0.0,0.0,0.0,0.0,0.0,0.0,0.0,0.0,0.0,0.0,0.0,0.0,0.0,0.0,0.0,0.0,0.0,0.0,0.0,0.0,0.0,0.0,0.0,0.0,0.0,0.0,0.0,0.0,0.0,0.0,0.0,0.0,0.0,0.0,0.0,0.0,0.0,0.0,0.0,0.0,0.0,0.0,0.0,0.0,0.0,0.0,0.0,0.0,0.0,0.0,0.0,0.0,0.0,0.0,0.0,0.0,0.0,0.0,0.0,0.0,0.0,0.0,0.0,0.0,0.0,0.0,0.0,0.0,0.0,0.0,0.0,0.0,0.0,0.0,0.0,0.0,0,9
aston villa,wolves,H,2024,5,9,-0.8660254037844386,0.5000000000000001,-1.0,-1.8369701987210297e-16,0.5977796754910334,0.22345573583831485,0.17876458867065187,0.0,0.0,0.0,0.0,0.0,0.0,0.0,0.0,0.0,0.0,0.0,0.0,0.0,0.0,0.0,0.0,0.0,0.0,0.0,0.0,0.0,0.0,0.0,0.0,0.0,0.0,0.0,0.0,0.0,0.0,0.0,0.0,0.0,0.0,0.0,0.0,0.0,0.0,0.0,0.0,0.0,0.0,0.0,0.0,0.0,0.0,0.0,0.0,0.0,0.0,0.0,0.0,0.0,0.0,0.0,0.0,0.0,0.0,0.0,0.0,0.0,0.0,0.0,0.0,0.0,0.0,0.0,0.0,0.0,0.0,0.0,0.0,0.0,0.0,0.0,0.0,0.0,0.0,0.0,0.0,0.0,0.0,0.0,0.0,6,1
fulham,newcastle,H,2024,5,9,-0.8660254037844386,0.5000000000000001,-1.0,-1.8369701987210297e-16,0.31924882629107976,0.28169014084507044,0.39906103286384975,0.0,0.0,0.0,0.0,0.0,0.0,0.0,0.0,0.0,0.0,0.0,0.0,0.0,0.0,0.0,0.0,0.0,0.0,0.0,0.0,0.0,0.0,0.0,0.0,0.0,0.0,0.0,0.0,0.0,0.0,0.0,0.0,0.0,0.0,0.0,0.0,0.0,0.0,0.0,0.0,0.0,0.0,0.0,0.0,0.0,0.0,0.0,0.0,0.0,0.0,0.0,0.0,0.0,0.0,0.0,0.0,0.0,0.0,0.0,0.0,0.0,0.0,0.0,0.0,0.0,0.0,0.0,0.0,0.0,0.0,0.0,0.0,0.0,0.0,0.0,0.0,0.0,0.0,0.0,0.0,0.0,0.0,0.0,0.0,7,4
leicester,everton,D,2024,5,9,-0.8660254037844386,0.5000000000000001,-1.0,-1.8369701987210297e-16,0.38891095400746684,0.2802446580347923,0.3308443879577409,0.0,0.0,0.0,0.0,0.0,0.0,0.0,0.0,0.0,0.0,0.0,0.0,0.0,0.0,0.0,0.0,0.0,0.0,0.0,0.0,0.0,0.0,0.0,0.0,0.0,0.0,0.0,0.0,0.0,0.0,0.0,0.0,0.0,0.0,0.0,0.0,0.0,0.0,0.0,0.0,0.0,0.0,0.0,0.0,0.0,0.0,0.0,0.0,0.0,0.0,0.0,0.0,0.0,0.0,0.0,0.0,0.0,0.0,0.0,0.0,0.0,0.0,0.0,0.0,0.0,0.0,0.0,0.0,0.0,0.0,0.0,0.0,0.0,0.0,0.0,0.0,0.0,0.0,0.0,0.0,0.0,0.0,0.0,0.0,2,1
liverpool,bournemouth,H,2024,5,9,-0.8660254037844386,0.5000000000000001,-1.0,-1.8369701987210297e-16,0.7394019060138022,0.15379559645087088,0.10680249753532699,0.0,0.0,0.0,0.0,0.0,0.0,0.0,0.0,0.0,0.0,0.0,0.0,0.0,0.0,0.0,0.0,0.0,0.0,0.0,0.0,0.0,0.0,0.0,0.0,0.0,0.0,0.0,0.0,0.0,0.0,0.0,0.0,0.0,0.0,0.0,0.0,0.0,0.0,0.0,0.0,0.0,0.0,0.0,0.0,0.0,0.0,0.0,0.0,0.0,0.0,0.0,0.0,0.0,0.0,0.0,0.0,0.0,0.0,0.0,0.0,0.0,0.0,0.0,0.0,0.0,0.0,0.0,0.0,0.0,0.0,0.0,0.0,0.0,0.0,0.0,0.0,0.0,0.0,0.0,0.0,0.0,0.0,0.0,0.0,6,4
southampton,ipswich,D,2024,5,9,-0.8660254037844386,0.5000000000000001,-1.0,-1.8369701987210297e-16,0.42626070409134154,0.27402473834443386,0.29971455756422455,0.0,0.0,0.0,0.0,0.0,0.0,0.0,0.0,0.0,0.0,0.0,0.0,0.0,0.0,0.0,0.0,0.0,0.0,0.0,0.0,0.0,0.0,0.0,0.0,0.0,0.0,0.0,0.0,0.0,0.0,0.0,0.0,0.0,0.0,0.0,0.0,0.0,0.0,0.0,0.0,0.0,0.0,0.0,0.0,0.0,0.0,0.0,0.0,0.0,0.0,0.0,0.0,0.0,0.0,0.0,0.0,0.0,0.0,0.0,0.0,0.0,0.0,0.0,0.0,0.0,0.0,0.0,0.0,0.0,0.0,0.0,0.0,0.0,0.0,0.0,0.0,0.0,0.0,0.0,0.0,0.0,0.0,0.0,0.0,1,2
tottenham,brentford,H,2024,5,9,-0.8660254037844386,0.5000000000000001,-1.0,-1.8369701987210297e-16,0.6149068322981366,0.21180124223602484,0.17329192546583852,0.0,0.0,0.0,0.0,0.0,0.0,0.0,0.0,0.0,0.0,0.0,0.0,0.0,0.0,0.0,0.0,0.0,0.0,0.0,0.0,0.0,0.0,0.0,0.0,0.0,0.0,0.0,0.0,0.0,0.0,0.0,0.0,0.0,0.0,0.0,0.0,0.0,0.0,0.0,0.0,0.0,0.0,0.0,0.0,0.0,0.0,0.0,0.0,0.0,0.0,0.0,0.0,0.0,0.0,0.0,0.0,0.0,0.0,0.0,0.0,0.0,0.0,0.0,0.0,0.0,0.0,0.0,0.0,0.0,0.0,0.0,0.0,0.0,0.0,0.0,0.0,0.0,0.0,0.0,0.0,0.0,0.0,0.0,0.0,6,0
crystal palace,man united,D,2024,5,9,-0.8660254037844386,0.5000000000000001,-1.0,-1.8369701987210297e-16,0.3311067603362892,0.2542899919382701,0.4146032477254405,0.0,0.0,0.0,0.0,0.0,0.0,0.0,0.0,0.0,0.0,0.0,0.0,0.0,0.0,0.0,0.0,0.0,0.0,0.0,0.0,0.0,0.0,0.0,0.0,0.0,0.0,0.0,0.0,0.0,0.0,0.0,0.0,0.0,0.0,0.0,0.0,0.0,0.0,0.0,0.0,0.0,0.0,0.0,0.0,0.0,0.0,0.0,0.0,0.0,0.0,0.0,0.0,0.0,0.0,0.0,0.0,0.0,0.0,0.0,0.0,0.0,0.0,0.0,0.0,0.0,0.0,0.0,0.0,0.0,0.0,0.0,0.0,0.0,0.0,0.0,0.0,0.0,0.0,0.0,0.0,0.0,0.0,0.0,0.0,2,4
brighton,nottm forest,D,2024,6,9,-2.4492935982947064e-16,1.0,-1.0,-1.8369701987210297e-16,0.5449330783938815,0.25430210325047803,0.20076481835564056,0.0,0.0,0.0,0.0,0.0,0.0,0.0,0.0,0.0,0.0,0.0,0.0,0.0,0.0,0.0,0.0,0.0,0.0,0.0,0.0,0.0,0.0,0.0,0.0,0.0,0.0,0.0,0.0,0.0,0.0,0.0,0.0,0.0,0.0,0.0,0.0,0.0,0.0,0.0,0.0,0.0,0.0,0.0,0.0,0.0,0.0,0.0,0.0,0.0,0.0,0.0,0.0,0.0,0.0,0.0,0.0,0.0,0.0,0.0,0.0,0.0,0.0,0.0,0.0,0.0,0.0,0.0,0.0,0.0,0.0,0.0,0.0,0.0,0.0,0.0,0.0,0.0,0.0,0.0,0.0,0.0,0.0,0.0,0.0,5,7
man city,arsenal,D,2024,6,9,-2.4492935982947064e-16,1.0,-1.0,-1.8369701987210297e-16,0.5263157894736842,0.2631578947368421,0.21052631578947367,0.0,0.0,0.0,0.0,0.0,0.0,0.0,0.0,0.0,0.0,0.0,0.0,0.0,0.0,0.0,0.0,0.0,0.0,0.0,0.0,0.0,0.0,0.0,0.0,0.0,0.0,0.0,0.0,0.0,0.0,0.0,0.0,0.0,0.0,0.0,0.0,0.0,0.0,0.0,0.0,0.0,0.0,0.0,0.0,0.0,0.0,0.0,0.0,0.0,0.0,0.0,0.0,0.0,0.0,0.0,0.0,0.0,0.0,0.0,0.0,0.0,0.0,0.0,0.0,0.0,0.0,0.0,0.0,0.0,0.0,0.0,0.0,0.0,0.0,0.0,0.0,0.0,0.0,0.0,0.0,0.0,0.0,0.0,0.0,7,7
newcastle,man city,D,2024,5,9,-0.8660254037844386,0.5000000000000001,-1.0,-1.8369701987210297e-16,0.18202598494502173,0.22070125195412565,0.5972727631008525,0.0,0.0,0.0,0.0,0.0,0.0,0.0,0.0,0.0,0.0,0.0,0.0,0.0,0.0,0.0,0.0,0.0,0.0,0.0,0.0,0.0,0.0,0.0,0.0,0.0,0.0,0.0,0.0,0.0,0.0,0.0,0.0,0.0,0.0,0.0,0.0,0.0,0.0,0.0,0.0,0.0,0.0,0.0,0.0,0.0,0.0,0.0,0.0,0.0,0.0,0.0,0.0,0.0,0.0,0.0,0.0,0.0,0.0,0.0,0.0,0.0,0.0,0.0,0.0,0.0,0.0,0.0,0.0,0.0,0.0,0.0,0.0,0.0,0.0,0.0,0.0,0.0,0.0,0.0,0.0,0.0,0.0,0.0,0.0,7,7
arsenal,leicester,H,2024,5,9,-0.8660254037844386,0.5000000000000001,-1.0,-1.8369701987210297e-16,0.8168266285480907,0.11946089442515825,0.06371247702675106,0.0,0.0,0.0,0.0,0.0,0.0,0.0,0.0,0.0,0.0,0.0,0.0,0.0,0.0,0.0,0.0,0.0,0.0,0.0,0.0,0.0,0.0,0.0,0.0,0.0,0.0,0.0,0.0,0.0,0.0,0.0,0.0,0.0,0.0,0.0,0.0,0.0,0.0,0.0,0.0,0.0,0.0,0.0,0.0,0.0,0.0,0.0,0.0,0.0,0.0,0.0,0.0,0.0,0.0,0.0,0.0,0.0,0.0,0.0,0.0,0.0,0.0,0.0,0.0,0.0,0.0,0.0,0.0,0.0,0.0,0.0,0.0,0.0,0.0,0.0,0.0,0.0,0.0,0.0,0.0,0.0,0.0,0.0,0.0,7,1
brentford,west ham,D,2024,5,9,-0.8660254037844386,0.5000000000000001,-1.0,-1.8369701987210297e-16,0.4317656129529684,0.27139552814186585,0.2968388589051658,0.0,0.0,0.0,0.0,0.0,0.0,0.0,0.0,0.0,0.0,0.0,0.0,0.0,0.0,0.0,0.0,0.0,0.0,0.0,0.0,0.0,0.0,0.0,0.0,0.0,0.0,0.0,0.0,0.0,0.0,0.0,0.0,0.0,0.0,0.0,0.0,0.0,0.0,0.0,0.0,0.0,0.0,0.0,0.0,0.0,0.0,0.0,0.0,0.0,0.0,0.0,0.0,0.0,0.0,0.0,0.0,0.0,0.0,0.0,0.0,0.0,0.0,0.0,0.0,0.0,0.0,0.0,0.0,0.0,0.0,0.0,0.0,0.0,0.0,0.0,0.0,0.0,0.0,0.0,0.0,0.0,0.0,0.0,0.0,7,5
chelsea,brighton,H,2024,5,9,-0.8660254037844386,0.5000000000000001,-1.0,-1.8369701987210297e-16,0.5483028720626633,0.2258485639686684,0.2258485639686684,0.0,0.0,0.0,0.0,0.0,0.0,0.0,0.0,0.0,0.0,0.0,0.0,0.0,0.0,0.0,0.0,0.0,0.0,0.0,0.0,0.0,0.0,0.0,0.0,0.0,0.0,0.0,0.0,0.0,0.0,0.0,0.0,0.0,0.0,0.0,0.0,0.0,0.0,0.0,0.0,0.0,0.0,0.0,0.0,0.0,0.0,0.0,0.0,0.0,0.0,0.0,0.0,0.0,0.0,0.0,0.0,0.0,0.0,0.0,0.0,0.0,0.0,0.0,0.0,0.0,0.0,0.0,0.0,0.0,0.0,0.0,0.0,0.0,0.0,0.0,0.0,0.0,0.0,0.0,0.0,0.0,0.0,0.0,0.0,4,4
everton,crystal palace,H,2024,5,9,-0.8660254037844386,0.5000000000000001,-1.0,-1.8369701987210297e-16,0.3515188335358444,0.28760631834750905,0.3608748481166464,0.0,0.0,0.0,0.0,0.0,0.0,0.0,0.0,0.0,0.0,0.0,0.0,0.0,0.0,0.0,0.0,0.0,0.0,0.0,0.0,0.0,0.0,0.0,0.0,0.0,0.0,0.0,0.0,0.0,0.0,0.0,0.0,0.0,0.0,0.0,0.0,0.0,0.0,0.0,0.0,0.0,0.0,0.0,0.0,0.0,0.0,0.0,0.0,0.0,0.0,0.0,0.0,0.0,0.0,0.0,0.0,0.0,0.0,0.0,0.0,0.0,0.0,0.0,0.0,0.0,0.0,0.0,0.0,0.0,0.0,0.0,0.0,0.0,0.0,0.0,0.0,0.0,0.0,0.0,0.0,0.0,0.0,0.0,0.0,3,1
nottm forest,fulham,A,2024,5,9,-0.8660254037844386,0.5000000000000001,-1.0,-1.8369701987210297e-16,0.39768618944323936,0.28681610026512416,0.31549771029163654,0.0,0.0,0.0,0.0,0.0,0.0,0.0,0.0,0.0,0.0,0.0,0.0,0.0,0.0,0.0,0.0,0.0,0.0,0.0,0.0,0.0,0.0,0.0,0.0,0.0,0.0,0.0,0.0,0.0,0.0,0.0,0.0,0.0,0.0,0.0,0.0,0.0,0.0,0.0,0.0,0.0,0.0,0.0,0.0,0.0,0.0,0.0,0.0,0.0,0.0,0.0,0.0,0.0,0.0,0.0,0.0,0.0,0.0,0.0,0.0,0.0,0.0,0.0,0.0,0.0,0.0,0.0,0.0,0.0,0.0,0.0,0.0,0.0,0.0,0.0,0.0,0.0,0.0,0.0,0.0,0.0,0.0,0.0,0.0,2,4
wolves,liverpool,A,2024,5,9,-0.8660254037844386,0.5000000000000001,-1.0,-1.8369701987210297e-16,0.11895780672759089,0.16550651370795255,0.7155356795644564,0.0,0.0,0.0,0.0,0.0,0.0,0.0,0.0,0.0,0.0,0.0,0.0,0.0,0.0,0.0,0.0,0.0,0.0,0.0,0.0,0.0,0.0,0.0,0.0,0.0,0.0,0.0,0.0,0.0,0.0,0.0,0.0,0.0,0.0,0.0,0.0,0.0,0.0,0.0,0.0,0.0,0.0,0.0,0.0,0.0,0.0,0.0,0.0,0.0,0.0,0.0,0.0,0.0,0.0,0.0,0.0,0.0,0.0,0.0,0.0,0.0,0.0,0.0,0.0,0.0,0.0,0.0,0.0,0.0,0.0,0.0,0.0,0.0,0.0,0.0,0.0,0.0,0.0,0.0,0.0,0.0,0.0,0.0,0.0,0,9
ipswich,aston villa,D,2024,6,9,-2.4492935982947064e-16,1.0,-1.0,-1.8369701987210297e-16,0.23647209203238181,0.2522368981678739,0.5112910097997444,0.0,0.0,0.0,0.0,0.0,0.0,0.0,0.0,0.0,0.0,0.0,0.0,0.0,0.0,0.0,0.0,0.0,0.0,0.0,0.0,0.0,0.0,0.0,0.0,0.0,0.0,0.0,0.0,0.0,0.0,0.0,0.0,0.0,0.0,0.0,0.0,0.0,0.0,0.0,0.0,0.0,0.0,0.0,0.0,0.0,0.0,0.0,0.0,0.0,0.0,0.0,0.0,0.0,0.0,0.0,0.0,0.0,0.0,0.0,0.0,0.0,0.0,0.0,0.0,0.0,0.0,0.0,0.0,0.0,0.0,0.0,0.0,0.0,0.0,0.0,0.0,0.0,0.0,0.0,0.0,0.0,0.0,0.0,0.0,2,7
man united,tottenham,A,2024,6,9,-2.4492935982947064e-16,1.0,-1.0,-1.8369701987210297e-16,0.40302882266731804,0.2525647288715193,0.3444064484611627,0.0,0.0,0.0,0.0,0.0,0.0,0.0,0.0,0.0,0.0,0.0,0.0,0.0,0.0,0.0,0.0,0.0,0.0,0.0,0.0,0.0,0.0,0.0,0.0,0.0,0.0,0.0,0.0,0.0,0.0,0.0,0.0,0.0,0.0,0.0,0.0,0.0,0.0,0.0,0.0,0.0,0.0,0.0,0.0,0.0,0.0,0.0,0.0,0.0,0.0,0.0,0.0,0.0,0.0,0.0,0.0,0.0,0.0,0.0,0.0,0.0,0.0,0.0,0.0,0.0,0.0,0.0,0.0,0.0,0.0,0.0,0.0,0.0,0.0,0.0,0.0,0.0,0.0,0.0,0.0,0.0,0.0,0.0,0.0,3,4
bournemouth,southampton,H,2024,0,9,0.0,1.0,-1.0,-1.8369701987210297e-16,0.5772208925805997,0.23229621286780233,0.19048289455159792,0.0,0.0,0.0,0.0,0.0,0.0,0.0,0.0,0.0,0.0,0.0,0.0,0.0,0.0,0.0,0.0,0.0,0.0,0.0,0.0,0.0,0.0,0.0,0.0,0.0,0.0,0.0,0.0,0.0,0.0,0.0,0.0,0.0,0.0,0.0,0.0,0.0,0.0,0.0,0.0,0.0,0.0,0.0,0.0,0.0,0.0,0.0,0.0,0.0,0.0,0.0,0.0,0.0,0.0,0.0,0.0,0.0,0.0,0.0,0.0,0.0,0.0,0.0,0.0,0.0,0.0,0.0,0.0,0.0,0.0,0.0,0.0,0.0,0.0,0.0,0.0,0.0,0.0,0.0,0.0,0.0,0.0,0.0,0.0,4,0
crystal palace,liverpool,A,2024,5,10,-0.8660254037844386,0.5000000000000001,-0.8660254037844386,0.5000000000000001,0.15789473684210528,0.2105263157894737,0.6315789473684211,0.6666666666666666,0.3333333333333333,1.3333333333333333,2.3333333333333335,14.333333333333334,7.666666666666667,14.0,13.0,3.3333333333333335,2.6666666666666665,4.333333333333333,4.666666666666667,9.0,10.666666666666666,14.666666666666666,11.0,4.0,3.0,5.333333333333333,7.333333333333333,1.3333333333333333,3.0,1.6666666666666667,1.6666666666666667,0.0,0.0,0.0,0.0,0.2624338624338624,0.3452380952380952,3.1666666666666665,2.1666666666666665,1.2,0.6387205387205387,0.615359477124183,1.1666666666666667,1.1341269841269843,1.732142857142857,1.6556036556036553,1.1666666666666667,-0.6666666666666666,-2.0,0.0,0.0,0.0,0.0,0.0,0.0,0.0,0.0,0.0,0.0,0.0,0.0,0.0,0.0,0.0,0.0,0.0,0.0,0.0,0.0,0.0,0.0,0.0,0.0,0.0,0.0,0.0,0.0,0.0,0.0,0.0,0.0,0.0,0.0,0.0,0.0,0.0,0.0,0.0,0.0,0.0,0.0,2,12
arsenal,southampton,H,2024,5,10,-0.8660254037844386,0.5000000000000001,-0.8660254037844386,0.5000000000000001,0.8377135348226018,0.10611038107752954,0.05617608409986859,2.3333333333333335,2.3333333333333335,1.0,0.6666666666666666,21.666666666666668,12.333333333333334,12.0,15.333333333333334,9.666666666666666,4.666666666666667,3.3333333333333335,4.333333333333333,13.333333333333334,14.666666666666666,9.0,11.666666666666666,9.333333333333334,4.0,3.0,8.0,2.3333333333333335,2.0,2.6666666666666665,3.3333333333333335,0.3333333333333333,0.3333333333333333,0.0,0.0,0.4713804713804713,0.37063492063492065,2.8333333333333335,4.333333333333333,3.233333333333333,0.9415204678362574,1.5873015873015872,1.316468253968254,0.8796296296296297,2.6253968253968254,0.6507724301841948,0.7994152046783626,1.3333333333333333,1.6666666666666667,0.0,0.0,0.0,0.0,0.0,0.0,0.0,0.0,0.0,0.0,0.0,0.0,0.0,0.0,0.0,0.0,0.0,0.0,0.0,0.0,0.0,0.0,0.0,0.0,0.0,0.0,0.0,0.0,0.0,0.0,0.0,0.0,0.0,0.0,0.0,0.0,0.0,0.0,0.0,0.0,0.0,0.0,10,0
brentford,wolves,H,2024,5,10,-0.8660254037844386,0.5000000000000001,-0.8660254037844386,0.5000000000000001,0.4603234298608499,0.26212861978187285,0.27754795035727714,2.0,2.0,1.0,0.6666666666666666,12.333333333333334,14.333333333333334,17.0,10.0,5.0,5.0,5.0,3.3333333333333335,6.0,14.333333333333334,11.0,16.0,4.333333333333333,7.0,7.333333333333333,3.3333333333333335,1.6666666666666667,2.6666666666666665,3.0,4.0,0.0,0.0,0.0,0.0,0.4268518518518518,0.3634259259259259,5.0,3.3333333333333335,0.7250069618490671,1.4515151515151514,0.6701298701298701,0.9117063492063492,1.6101851851851852,0.7662037037037037,2.9,1.1593582887700535,1.0,1.3333333333333333,0.0,0.0,0.0,0.0,0.0,0.0,0.0,0.0,0.0,0.0,0.0,0.0,0.0,0.0,0.0,0.0,0.0,0.0,0.0,0.0,0.0,0.0,0.0,0.0,0.0,0.0,0.0,0.0,0.0,0.0,0.0,0.0,0.0,0.0,0.0,0.0,0.0,0.0,0.0,0.0,0.0,0.0,10,1
leicester,bournemouth,H,2024,5,10,-0.8660254037844386,0.5000000000000001,-0.8660254037844386,0.5000000000000001,0.3059482022578503,0.25291718053315626,0.44113461720899344,1.0,2.0,1.3333333333333333,1.3333333333333333,9.333333333333334,17.0,13.666666666666666,16.333333333333332,2.6666666666666665,9.666666666666666,5.666666666666667,5.666666666666667,11.666666666666666,11.0,15.0,7.0,3.0,4.333333333333333,6.0,6.333333333333333,2.0,1.3333333333333333,2.6666666666666665,2.6666666666666665,0.0,0.0,0.0,0.0,0.3095238095238095,0.566694514062935,4.833333333333333,4.111111111111112,0.7055555555555556,1.0452488687782806,0.8174603174603176,2.986111111111111,1.529100529100529,0.9576719576719577,1.2657342657342656,0.6124183006535947,-0.3333333333333333,0.6666666666666666,0.0,0.0,0.0,0.0,0.0,0.0,0.0,0.0,0.0,0.0,0.0,0.0,0.0,0.0,0.0,0.0,0.0,0.0,0.0,0.0,0.0,0.0,0.0,0.0,0.0,0.0,0.0,0.0,0.0,0.0,0.0,0.0,0.0,0.0,0.0,0.0,0.0,0.0,0.0,0.0,0.0,0.0,5,4
man city,fulham,H,2024,5,10,-0.8660254037844386,0.5000000000000001,-0.8660254037844386,0.5000000000000001,0.763271162123386,0.13629842180774748,0.10043041606886656,2.6666666666666665,0.6666666666666666,1.3333333333333333,0.6666666666666666,21.666666666666668,12.0,4.666666666666667,11.0,7.666666666666667,3.3333333333333335,3.0,2.6666666666666665,6.666666666666667,12.666666666666666,9.333333333333334,13.333333333333334,10.0,7.0,2.0,6.333333333333333,2.6666666666666665,2.0,2.6666666666666665,3.3333333333333335,0.0,0.0,0.3333333333333333,0.0,0.35978835978835977,0.27056277056277056,2.5,2.6666666666666665,7.616666666666667,1.1359788359788359,1.3222222222222222,0.9777777777777777,0.22246272246272245,0.935064935064935,1.8373015873015872,1.0656565656565657,1.3333333333333333,0.0,0.0,0.0,0.0,0.0,0.0,0.0,0.0,0.0,0.0,0.0,0.0,0.0,0.0,0.0,0.0,0.0,0.0,0.0,0.0,0.0,0.0,0.0,0.0,0.0,0.0,0.0,0.0,0.0,0.0,0.0,0.0,0.0,0.0,0.0,0.0,0.0,0.0,0.0,0.0,0.0,0.0,0.0,10,4
west ham,ipswich,H,2024,5,10,-0.8660254037844386,0.5000000000000001,-0.8660254037844386,0.5000000000000001,0.5292717447246527,0.2507076685537828,0.22002058672156458,0.6666666666666666,1.6666666666666667,2.6666666666666665,0.6666666666666666,13.0,15.333333333333334,16.666666666666668,6.666666666666667,4.0,4.666666666666667,5.333333333333333,2.6666666666666665,15.0,11.333333333333334,7.666666666666667,15.666666666666666,4.666666666666667,7.0,6.333333333333333,4.333333333333333,3.0,3.3333333333333335,2.0,3.3333333333333335,0.0,0.0,0.0,0.0,0.29365079365079366,0.3051948051948052,1.9444444444444444,2.6666666666666665,0.8727053140096618,6.115384615384616,2.2861952861952863,0.7138888888888889,1.3904761904761902,0.512987012987013,0.4801742919389978,1.9642857142857142,-2.0,1.0,0.0,0.0,0.0,0.0,0.0,0.0,0.0,0.0,0.0,0.0,0.0,0.0,0.0,0.0,0.0,0.0,0.0,0.0,0.0,0.0,0.0,0.0,0.0,0.0,0.0,0.0,0.0,0.0,0.0,0.0,0.0,0.0,0.0,0.0,0.0,0.0,0.0,0.0,0.0,0.0,0.0,0.0,3,2
everton,newcastle,D,2024,5,10,-0.8660254037844386,0.5000000000000001,-0.8660254037844386,0.5000000000000001,0.2990936555891239,0.26586102719033233,0.4350453172205438,1.3333333333333333,1.6666666666666667,2.3333333333333335,1.3333333333333333,11.666666666666666,16.666666666666668,14.666666666666666,14.333333333333334,3.6666666666666665,6.666666666666667,5.666666666666667,5.0,9.0,17.333333333333332,6.666666666666667,7.333333333333333,4.666666666666667,6.0,5.666666666666667,5.333333333333333,1.6666666666666667,3.6666666666666665,1.0,1.6666666666666667,0.3333333333333333,0.0,0.0,0.0,0.26851851851851855,0.3888888888888889,3.0,4.0,0.8098039215686273,1.1555555555555554,2.727272727272727,2.402777777777778,1.3935185185185184,0.9078282828282829,0.6709401709401709,0.42466460268317857,-1.0,0.3333333333333333,0.0,0.0,0.0,0.0,0.0,0.0,0.0,0.0,0.0,0.0,0.0,0.0,0.0,0.0,0.0,0.0,0.0,0.0,0.0,0.0,0.0,0.0,0.0,0.0,0.0,0.0,0.0,0.0,0.0,0.0,0.0,0.0,0.0,0.0,0.0,0.0,0.0,0.0,0.0,0.0,0.0,0.0,4,5
aston villa,man united,D,2024,6,10,-2.4492935982947064e-16,1.0,-0.8660254037844386,0.5000000000000001,0.4310344827586207,0.25287356321839083,0.3160919540229885,2.0,0.6666666666666666,1.6666666666666667,1.3333333333333333,12.333333333333334,9.666666666666666,8.333333333333334,15.333333333333334,5.0,4.333333333333333,3.3333333333333335,6.666666666666667,9.666666666666666,9.0,14.333333333333334,13.0,5.333333333333333,2.6666666666666665,2.6666666666666665,7.333333333333333,1.6666666666666667,1.6666666666666667,4.333333333333333,2.3333333333333335,0.0,0.3333333333333333,0.0,0.0,0.3959199841552783,0.4894179894179895,2.3333333333333335,4.444444444444445,1.651851851851852,0.7242424242424242,0.6847222222222222,0.687118437118437,0.7607447019211726,1.9285714285714286,1.5098484848484848,1.477152477152477,0.3333333333333333,-0.6666666666666666,0.0,0.0,0.0,0.0,0.0,0.0,0.0,0.0,0.0,0.0,0.0,0.0,0.0,0.0,0.0,0.0,0.0,0.0,0.0,0.0,0.0,0.0,0.0,0.0,0.0,0.0,0.0,0.0,0.0,0.0,0.0,0.0,0.0,0.0,0.0,0.0,0.0,0.0,0.0,0.0,0.0,0.0,7,5
chelsea,nottm forest,D,2024,6,10,-2.4492935982947064e-16,1.0,-0.8660254037844386,0.5000000000000001,0.6424335602899187,0.21128925982868438,0.14627717988139688,1.6666666666666667,0.6666666666666666,1.6666666666666667,1.3333333333333333,12.666666666666666,11.0,11.666666666666666,10.666666666666666,5.666666666666667,3.0,4.333333333333333,4.666666666666667,10.666666666666666,13.666666666666666,10.0,10.333333333333334,5.333333333333333,6.666666666666667,3.3333333333333335,4.333333333333333,2.6666666666666665,3.3333333333333335,1.6666666666666667,3.6666666666666665,0.0,0.0,0.0,0.3333333333333333,0.43504273504273505,0.2571428571428572,2.6666666666666665,4.166666666666667,1.1178451178451179,2.172463768115942,1.1335470085470085,1.5303030303030303,0.9307692307692307,1.7476190476190476,0.9739057239057239,0.7722222222222221,0.0,-0.6666666666666666,0.0,0.0,0.0,0.0,0.0,0.0,0.0,0.0,0.0,0.0,0.0,0.0,0.0,0.0,0.0,0.0,0.0,0.0,0.0,0.0,0.0,0.0,0.0,0.0,0.0,0.0,0.0,0.0,0.0,0.0,0.0,0.0,0.0,0.0,0.0,0.0,0.0,0.0,0.0,0.0,0.0,0.0,5,8
brighton,tottenham,H,2024,6,10,-2.4492935982947064e-16,1.0,-0.8660254037844386,0.5000000000000001,0.3286034353995519,0.23823749066467512,0.4331590739357729,1.3333333333333333,1.0,1.0,1.6666666666666667,16.333333333333332,9.0,7.0,19.666666666666668,4.666666666666667,2.6666666666666665,2.6666666666666665,7.666666666666667,11.666666666666666,14.333333333333334,13.333333333333334,13.0,7.333333333333333,4.666666666666667,2.3333333333333335,9.333333333333334,2.6666666666666665,3.3333333333333335,3.0,2.6666666666666665,0.0,0.3333333333333333,0.3333333333333333,0.0,0.2857142857142857,0.31457431457431456,2.1666666666666665,5.444444444444444,2.757575757575758,0.4583333333333333,0.8860722610722611,1.0967643467643466,0.4523809523809524,2.1822991822991824,1.167989417989418,0.9261363636363636,0.3333333333333333,-0.6666666666666666,0.0,0.0,0.0,0.0,0.0,0.0,0.0,0.0,0.0,0.0,0.0,0.0,0.0,0.0,0.0,0.0,0.0,0.0,0.0,0.0,0.0,0.0,0.0,0.0,0.0,0.0,0.0,0.0,0.0,0.0,0.0,0.0,0.0,0.0,0.0,0.0,0.0,0.0,0.0,0.0,0.0,0.0,8,4
tottenham,west ham,H,2024,5,10,-0.8660254037844386,0.5000000000000001,-0.8660254037844386,0.5000000000000001,0.6306306306306306,0.1891891891891892,0.18018018018018017,2.3333333333333335,0.6666666666666666,0.6666666666666666,1.3333333333333333,17.0,14.333333333333334,7.666666666666667,16.0,7.333333333333333,3.3333333333333335,3.6666666666666665,3.0,11.666666666666666,8.666666666666666,11.333333333333334,15.333333333333334,9.333333333333334,4.333333333333333,5.0,4.0,2.6666666666666665,1.6666666666666667,1.3333333333333333,2.3333333333333335,0.0,0.0,0.0,0.0,0.43552582683017466,0.251984126984127,3.6666666666666665,2.5,2.425396825396825,1.035973772815878,1.0851851851851853,0.5148544266191325,0.49892233370494243,1.39484126984127,0.9836829836829836,2.8629629629629627,1.6666666666666667,-0.6666666666666666,0.0,0.0,0.0,0.0,0.0,0.0,0.0,0.0,0.0,0.0,0.0,0.0,0.0,0.0,0.0,0.0,0.0,0.0,0.0,0.0,0.0,0.0,0.0,0.0,0.0,0.0,0.0,0.0,0.0,0.0,0.0,0.0,0.0,0.0,0.0,0.0,0.0,0.0,0.0,0.0,0.0,0.0,9,5
fulham,aston villa,A,2024,5,10,-0.8660254037844386,0.5000000000000001,-0.8660254037844386,0.5000000000000001,0.3883495145631068,0.27184466019417475,0.33980582524271846,2.0,1.3333333333333333,1.0,2.0,20.333333333333332,12.666666666666666,12.0,10.666666666666666,7.333333333333333,3.6666666666666665,3.6666666666666665,3.6666666666666665,15.0,13.666666666666666,13.0,15.333333333333334,5.333333333333333,5.333333333333333,2.3333333333333335,2.3333333333333335,3.3333333333333335,3.0,1.6666666666666667,2.6666666666666665,0.0,0.0,0.0,0.0,0.35714285714285715,0.29365079365079366,3.6666666666666665,1.8333333333333333,1.7252525252525253,1.3253968253968254,1.3034188034188035,0.98989898989899,0.5870610870610871,0.883068783068783,0.8761904761904762,1.2088319088319088,1.0,-0.6666666666666666,0.0,0.0,0.0,0.0,0.0,0.0,0.0,0.0,0.0,0.0,0.0,0.0,0.0,0.0,0.0,0.0,0.0,0.0,0.0,0.0,0.0,0.0,0.0,0.0,0.0,0.0,0.0,0.0,0.0,0.0,0.0,0.0,0.0,0.0,0.0,0.0,0.0,0.0,0.0,0.0,0.0,0.0,7,10
ipswich,everton,A,2024,5,10,-0.8660254037844386,0.5000000000000001,-0.8660254037844386,0.5000000000000001,0.39768618944323936,0.28681610026512416,0.31549771029163654,1.0,2.6666666666666665,1.6666666666666667,1.0,11.0,14.0,11.333333333333334,10.666666666666666,3.6666666666666665,5.666666666666667,4.0,2.6666666666666665,11.333333333333334,10.666666666666666,15.666666666666666,13.0,6.666666666666667,8.0,5.333333333333333,2.6666666666666665,3.0,0.6666666666666666,1.6666666666666667,2.0,0.0,0.0,0.0,0.0,0.32756132756132755,0.39190548014077425,2.6666666666666665,2.3333333333333335,1.2513227513227514,1.6277777777777775,0.7380952380952381,0.8277777777777778,1.2854256854256854,0.8185017596782304,1.4666666666666668,1.218181818181818,-0.6666666666666666,1.6666666666666667,0.0,0.0,0.0,0.0,0.0,0.0,0.0,0.0,0.0,0.0,0.0,0.0,0.0,0.0,0.0,0.0,0.0,0.0,0.0,0.0,0.0,0.0,0.0,0.0,0.0,0.0,0.0,0.0,0.0,0.0,0.0,0.0,0.0,0.0,0.0,0.0,0.0,0.0,0.0,0.0,0.0,0.0,2,4
man united,brentford,H,2024,5,10,-0.8660254037844386,0.5000000000000001,-0.8660254037844386,0.5000000000000001,0.5609973285841497,0.2270703472840606,0.21193232413178986,0.3333333333333333,2.3333333333333335,2.0,0.6666666666666666,11.0,20.0,15.0,7.333333333333333,3.3333333333333335,8.333333333333334,5.0,4.333333333333333,11.666666666666666,10.0,10.333333333333334,6.333333333333333,5.666666666666667,10.0,4.333333333333333,3.6666666666666665,3.6666666666666665,2.6666666666666665,2.3333333333333335,1.6666666666666667,0.3333333333333333,0.0,0.0,0.0,0.3046536796536797,0.4149080430544962,2.111111111111111,4.333333333333333,0.8618686868686868,2.8194444444444446,1.114285714285714,1.8835978835978837,1.4237012987012987,0.375455547080261,0.9027777777777778,0.6171717171717171,-1.6666666666666667,1.6666666666666667,0.0,0.0,0.0,0.0,0.0,0.0,0.0,0.0,0.0,0.0,0.0,0.0,0.0,0.0,0.0,0.0,0.0,0.0,0.0,0.0,0.0,0.0,0.0,0.0,0.0,0.0,0.0,0.0,0.0,0.0,0.0,0.0,0.0,0.0,0.0,0.0,0.0,0.0,0.0,0.0,0.0,0.0,6,0
newcastle,brighton,A,2024,5,10,-0.8660254037844386,0.5000000000000001,-0.8660254037844386,0.5000000000000001,0.48339684267827976,0.2547632008709852,0.2618399564507349,1.3333333333333333,1.6666666666666667,0.6666666666666666,2.0,7.666666666666667,11.666666666666666,18.333333333333332,15.666666666666666,2.6666666666666665,5.0,5.333333333333333,4.666666666666667,15.0,10.333333333333334,13.0,7.666666666666667,5.0,4.0,10.0,4.666666666666667,3.3333333333333335,2.3333333333333335,4.0,1.6666666666666667,0.3333333333333333,0.6666666666666666,0.0,0.0,0.3434343434343434,0.40471380471380475,5.333333333333333,2.7222222222222228,0.43179824561403507,0.7999999999999999,1.189423076923077,1.3630952380952381,3.336700336700337,1.3703703703703702,0.8644841269841269,0.7702020202020202,0.6666666666666666,-0.3333333333333333,0.0,0.0,0.0,0.0,0.0,0.0,0.0,0.0,0.0,0.0,0.0,0.0,0.0,0.0,0.0,0.0,0.0,0.0,0.0,0.0,0.0,0.0,0.0,0.0,0.0,0.0,0.0,0.0,0.0,0.0,0.0,0.0,0.0,0.0,0.0,0.0,0.0,0.0,0.0,0.0,0.0,0.0,7,7
southampton,leicester,A,2024,5,10,-0.8660254037844386,0.5000000000000001,-0.8660254037844386,0.5000000000000001,0.41257367387033406,0.27111984282907664,0.3163064833005894,0.3333333333333333,2.6666666666666665,1.6666666666666667,1.6666666666666667,7.333333333333333,24.666666666666668,18.666666666666668,8.0,2.6666666666666665,8.666666666666666,8.0,3.6666666666666665,13.666666666666666,12.0,14.666666666666666,11.333333333333334,2.0,9.666666666666666,9.0,2.3333333333333335,2.6666666666666665,1.3333333333333333,3.6666666666666665,3.0,0.3333333333333333,0.0,0.0,0.0,0.37979797979797975,0.3259259259259259,5.777777777777779,2.5,0.4545150501672241,3.7407407407407405,0.9285714285714285,1.2145299145299144,3.0383838383838384,0.3814814814814815,1.0909090909090908,0.9458874458874459,-1.3333333333333333,1.0,0.0,0.0,0.0,0.0,0.0,0.0,0.0,0.0,0.0,0.0,0.0,0.0,0.0,0.0,0.0,0.0,0.0,0.0,0.0,0.0,0.0,0.0,0.0,0.0,0.0,0.0,0.0,0.0,0.0,0.0,0.0,0.0,0.0,0.0,0.0,0.0,0.0,0.0,0.0,0.0,0.0,0.0,1,4
bournemouth,arsenal,H,2024,5,10,-0.8660254037844386,0.5000000000000001,-0.8660254037844386,0.5000000000000001,0.1882404563405002,0.2413339183852567,0.5704256252742431,1.3333333333333333,0.6666666666666666,1.0,1.6666666666666667,16.333333333333332,19.666666666666668,11.0,7.0,5.666666666666667,6.333333333333333,3.6666666666666665,3.6666666666666665,18.0,9.333333333333334,9.666666666666666,11.666666666666666,7.0,6.333333333333333,5.333333333333333,3.0,3.3333333333333335,3.0,5.0,3.3333333333333335,0.0,0.0,0.0,0.3333333333333333,0.34899749373433586,0.3131313131313131,3.6666666666666665,2.5,1.5328042328042326,3.3216931216931216,1.912037037037037,0.8444444444444444,0.6813909774436091,0.4787878787878788,0.5383771929824561,1.3576007326007327,0.3333333333333333,-1.0,0.0,0.0,0.0,0.0,0.0,0.0,0.0,0.0,0.0,0.0,0.0,0.0,0.0,0.0,0.0,0.0,0.0,0.0,0.0,0.0,0.0,0.0,0.0,0.0,0.0,0.0,0.0,0.0,0.0,0.0,0.0,0.0,0.0,0.0,0.0,0.0,0.0,0.0,0.0,0.0,0.0,0.0,7,7
wolves,man city,A,2024,6,10,-2.4492935982947064e-16,1.0,-0.8660254037844386,0.5000000000000001,0.11978384869408586,0.15971179825878112,0.7205043530471329,1.3333333333333333,0.6666666666666666,3.3333333333333335,2.0,10.666666666666666,10.333333333333334,12.666666666666666,16.666666666666668,4.0,3.0,6.666666666666667,6.333333333333333,15.333333333333334,12.0,9.0,7.333333333333333,3.6666666666666665,4.0,7.333333333333333,6.666666666666667,2.3333333333333335,2.6666666666666665,3.0,2.3333333333333335,0.0,0.0,0.0,0.0,0.375,0.2878787878787879,2.444444444444444,3.722222222222222,0.8380952380952381,0.6771245059288539,1.9444444444444446,2.022222222222222,1.1944444444444444,1.6181818181818182,0.6176470588235294,0.5880952380952381,-2.0,-1.3333333333333333,0.0,0.0,0.0,0.0,0.0,0.0,0.0,0.0,0.0,0.0,0.0,0.0,0.0,0.0,0.0,0.0,0.0,0.0,0.0,0.0,0.0,0.0,0.0,0.0,0.0,0.0,0.0,0.0,0.0,0.0,0.0,0.0,0.0,0.0,0.0,0.0,0.0,0.0,0.0,0.0,0.0,0.0,0,10
liverpool,chelsea,H,2024,6,10,-2.4492935982947064e-16,1.0,-0.8660254037844386,0.5000000000000001,0.5816922989614663,0.22983939617501845,0.18846830486351512,1.6666666666666667,0.6666666666666666,0.3333333333333333,3.3333333333333335,17.333333333333332,15.333333333333334,10.666666666666666,12.0,8.666666666666666,6.0,3.6666666666666665,5.333333333333333,11.666666666666666,15.333333333333334,8.333333333333334,10.333333333333334,6.333333333333333,5.666666666666667,5.0,4.333333333333333,2.3333333333333335,4.333333333333333,3.6666666666666665,4.333333333333333,0.0,0.0,0.0,0.0,0.487468671679198,0.38947368421052636,3.6666666666666665,2.0,2.058333333333333,1.3357142857142856,1.5873015873015872,1.5555555555555554,0.5927318295739349,0.8309941520467836,0.7666666666666666,0.6973039215686274,1.3333333333333333,-2.6666666666666665,0.0,0.0,0.0,0.0,0.0,0.0,0.0,0.0,0.0,0.0,0.0,0.0,0.0,0.0,0.0,0.0,0.0,0.0,0.0,0.0,0.0,0.0,0.0,0.0,0.0,0.0,0.0,0.0,0.0,0.0,0.0,0.0,0.0,0.0,0.0,0.0,0.0,0.0,0.0,0.0,0.0,0.0,9,9
nottm forest,crystal palace,H,2024,0,10,0.0,1.0,-0.8660254037844386,0.5000000000000001,0.41257367387033406,0.27111984282907664,0.3163064833005894,0.6666666666666666,1.6666666666666667,1.0,1.0,13.666666666666666,10.0,12.666666666666666,13.333333333333334,4.666666666666667,4.666666666666667,3.0,4.666666666666667,14.333333333333334,9.333333333333334,13.666666666666666,13.0,5.0,4.333333333333333,4.666666666666667,6.666666666666667,2.0,2.3333333333333335,3.6666666666666665,2.6666666666666665,0.0,0.0,0.0,0.0,0.3249458874458874,0.44800569800569806,3.0,4.666666666666667,1.1057276057276058,0.8526299408652349,1.2305555555555554,0.7580419580419581,0.9629329004329005,1.4576210826210827,1.0114081996434938,1.5968660968660968,-0.3333333333333333,0.6666666666666666,0.0,0.0,0.0,0.0,0.0,0.0,0.0,0.0,0.0,0.0,0.0,0.0,0.0,0.0,0.0,0.0,0.0,0.0,0.0,0.0,0.0,0.0,0.0,0.0,0.0,0.0,0.0,0.0,0.0,0.0,0.0,0.0,0.0,0.0,0.0,0.0,0.0,0.0,0.0,0.0,0.0,0.0,5,1
leicester,nottm forest,A,2024,4,10,-0.8660254037844384,-0.5000000000000004,-0.8660254037844386,0.5000000000000001,0.31654676258992803,0.2877697841726619,0.3956834532374101,1.0,1.0,1.0,1.3333333333333333,9.0,16.666666666666668,14.333333333333334,8.333333333333334,2.3333333333333335,5.333333333333333,4.0,5.0,12.0,13.0,15.666666666666666,9.333333333333334,2.3333333333333335,9.0,4.666666666666667,2.0,3.0,4.333333333333333,2.6666666666666665,3.3333333333333335,0.0,0.0,0.0,0.6666666666666666,0.27777777777777773,0.3116883116883117,3.1666666666666665,4.5,0.6676470588235294,2.558333333333333,0.7976190476190476,1.5606060606060606,1.7592592592592595,0.4567099567099567,1.290986790986791,0.7444444444444445,0.0,-0.3333333333333333,0.0,0.0,0.0,0.0,0.0,0.0,0.0,0.0,0.0,0.0,0.0,0.0,0.0,0.0,0.0,0.0,0.0,0.0,0.0,0.0,0.0,0.0,0.0,0.0,0.0,0.0,0.0,0.0,0.0,0.0,0.0,0.0,0.0,0.0,0.0,0.0,0.0,0.0,0.0,0.0,0.0,0.0,5,11
aston villa,bournemouth,D,2024,5,10,-0.8660254037844386,0.5000000000000001,-0.8660254037844386,0.5000000000000001,0.509891622226045,0.2418716669533804,0.24823671082057458,2.0,2.0,1.0,1.0,12.333333333333334,14.333333333333334,8.666666666666666,17.666666666666668,4.333333333333333,7.666666666666667,3.3333333333333335,5.0,11.0,9.333333333333334,13.0,9.0,6.0,3.6666666666666665,3.3333333333333335,7.333333333333333,1.6666666666666667,2.3333333333333335,5.0,2.0,0.0,0.0,0.0,0.0,0.3353139235492177,0.4873294346978558,3.0,3.4444444444444446,1.6111111111111114,0.8039215686274509,0.8705808080808081,2.5634920634920637,0.7910477322242028,1.5925925925925926,1.1904040404040404,0.8444444444444444,1.0,1.0,0.0,0.0,0.0,0.0,0.0,0.0,0.0,0.0,0.0,0.0,0.0,0.0,0.0,0.0,0.0,0.0,0.0,0.0,0.0,0.0,0.0,0.0,0.0,0.0,0.0,0.0,0.0,0.0,0.0,0.0,0.0,0.0,0.0,0.0,0.0,0.0,0.0,0.0,0.0,0.0,0.0,0.0,8,5
brentford,ipswich,H,2024,5,10,-0.8660254037844386,0.5000000000000001,-0.8660254037844386,0.5000000000000001,0.5785594734103152,0.22046723582610164,0.20097329076358317,3.0,1.6666666666666667,1.6666666666666667,0.6666666666666666,15.666666666666666,18.333333333333332,18.0,9.333333333333334,7.333333333333333,7.333333333333333,5.0,3.0,7.0,14.0,9.333333333333334,12.666666666666666,6.333333333333333,5.333333333333333,6.0,5.666666666666667,2.0,2.6666666666666665,2.3333333333333335,2.6666666666666665,0.0,0.0,0.0,0.0,0.4521929824561403,0.3745529832486354,3.6666666666666665,3.0,0.8832702671711959,2.3005698005698005,0.8367965367965368,1.2916666666666667,1.3899122807017543,0.6196122717861848,2.437037037037037,0.8809523809523809,1.3333333333333333,1.0,0.0,0.0,0.0,0.0,0.0,0.0,0.0,0.0,0.0,0.0,0.0,0.0,0.0,0.0,0.0,0.0,0.0,0.0,0.0,0.0,0.0,0.0,0.0,0.0,0.0,0.0,0.0,0.0,0.0,0.0,0.0,0.0,0.0,0.0,0.0,0.0,0.0,0.0,0.0,0.0,0.0,0.0,13,2
brighton,wolves,D,2024,5,10,-0.8660254037844386,0.5000000000000001,-0.8660254037844386,0.5000000000000001,0.5813953488372093,0.20930232558139536,0.20930232558139536,1.6666666666666667,3.0,1.3333333333333333,1.6666666666666667,15.333333333333334,14.666666666666666,7.666666666666667,12.666666666666666,4.333333333333333,7.0,2.3333333333333335,4.333333333333333,13.333333333333334,11.666666666666666,12.333333333333334,14.666666666666666,7.333333333333333,7.666666666666667,3.3333333333333335,3.6666666666666665,3.0,2.6666666666666665,3.0,4.333333333333333,0.0,0.0,0.3333333333333333,0.0,0.28787878787878785,0.4628411306042885,1.3333333333333333,3.0,2.6153846153846154,1.157397504456328,1.1219696969696968,0.8069444444444445,0.5844155844155844,0.8977826510721248,0.9246031746031745,1.2552188552188552,0.3333333333333333,1.3333333333333333,0.0,0.0,0.0,0.0,0.0,0.0,0.0,0.0,0.0,0.0,0.0,0.0,0.0,0.0,0.0,0.0,0.0,0.0,0.0,0.0,0.0,0.0,0.0,0.0,0.0,0.0,0.0,0.0,0.0,0.0,0.0,0.0,0.0,0.0,0.0,0.0,0.0,0.0,0.0,0.0,0.0,0.0,9,2
man city,southampton,H,2024,5,10,-0.8660254037844386,0.5000000000000001,-0.8660254037844386,0.5000000000000001,0.8501275191278691,0.09436415462319349,0.05550832624893734,2.3333333333333335,3.0,1.6666666666666667,1.0,23.666666666666668,21.0,8.0,11.666666666666666,8.333333333333334,6.333333333333333,4.0,3.6666666666666665,6.666666666666667,13.0,7.666666666666667,9.333333333333334,9.333333333333334,7.333333333333333,2.6666666666666665,4.333333333333333,2.6666666666666665,1.3333333333333333,2.0,3.0,0.0,0.0,0.3333333333333333,0.0,0.3574074074074074,0.3284893267651888,2.8333333333333335,3.6666666666666665,3.556060606060606,2.0972222222222223,1.3666666666666665,1.3743386243386244,0.38198653198653193,0.60623973727422,1.4206349206349207,0.743859649122807,0.6666666666666666,2.0,0.0,0.0,0.0,0.0,0.0,0.0,0.0,0.0,0.0,0.0,0.0,0.0,0.0,0.0,0.0,0.0,0.0,0.0,0.0,0.0,0.0,0.0,0.0,0.0,0.0,0.0,0.0,0.0,0.0,0.0,0.0,0.0,0.0,0.0,0.0,0.0,0.0,0.0,0.0,0.0,0.0,0.0,13,0
everton,fulham,D,2024,5,10,-0.8660254037844386,0.5000000000000001,-0.8660254037844386,0.5000000000000001,0.34580762617578636,0.2926064529179731,0.36158592090624053,1.3333333333333333,1.3333333333333333,1.3333333333333333,1.3333333333333333,11.333333333333334,14.0,16.0,11.333333333333334,4.0,4.0,5.0,3.3333333333333335,10.333333333333334,10.0,6.666666666666667,13.333333333333334,4.333333333333333,7.333333333333333,7.333333333333333,4.666666666666667,1.6666666666666667,2.0,1.3333333333333333,2.6666666666666665,0.0,0.0,0.0,0.0,0.3148148148148148,0.26818181818181813,3.444444444444444,2.6666666666666665,0.700280112044818,1.2753727753727755,2.893939393939394,0.7111111111111111,1.6064814814814816,0.8803030303030303,0.5598290598290597,1.621212121212121,0.0,0.0,0.0,0.0,0.0,0.0,0.0,0.0,0.0,0.0,0.0,0.0,0.0,0.0,0.0,0.0,0.0,0.0,0.0,0.0,0.0,0.0,0.0,0.0,0.0,0.0,0.0,0.0,0.0,0.0,0.0,0.0,0.0,0.0,0.0,0.0,0.0,0.0,0.0,0.0,0.0,0.0,0.0,0.0,5,5
chelsea,newcastle,H,2024,6,10,-2.4492935982947064e-16,1.0,-0.8660254037844386,0.5000000000000001,0.5520461161585652,0.22056345980469233,0.22739042403674234,2.0,1.3333333333333333,1.3333333333333333,1.0,16.666666666666668,14.0,13.333333333333334,14.333333333333334,7.333333333333333,6.0,5.666666666666667,4.333333333333333,10.666666666666666,15.0,10.666666666666666,7.333333333333333,7.666666666666667,3.3333333333333335,3.3333333333333335,5.666666666666667,4.333333333333333,3.3333333333333335,2.0,1.6666666666666667,0.0,0.0,0.3333333333333333,0.0,0.4562548562548563,0.3888888888888889,4.833333333333333,3.3333333333333335,1.2731481481481481,0.9650793650793649,1.0527389277389279,2.111111111111111,0.8065268065268065,1.1994949494949496,1.0294612794612794,0.5065359477124183,0.6666666666666666,0.3333333333333333,0.0,0.0,0.0,0.0,0.0,0.0,0.0,0.0,0.0,0.0,0.0,0.0,0.0,0.0,0.0,0.0,0.0,0.0,0.0,0.0,0.0,0.0,0.0,0.0,0.0,0.0,0.0,0.0,0.0,0.0,0.0,0.0,0.0,0.0,0.0,0.0,0.0,0.0,0.0,0.0,0.0,0.0,8,5
crystal palace,tottenham,H,2024,6,10,-2.4492935982947064e-16,1.0,-0.8660254037844386,0.5000000000000001,0.24353727916957785,0.23744884719033837,0.5190138736400838,0.6666666666666666,1.6666666666666667,1.0,2.0,12.666666666666666,10.333333333333334,13.333333333333334,19.0,4.333333333333333,3.0,4.666666666666667,6.333333333333333,8.333333333333334,15.333333333333334,14.0,12.333333333333334,4.0,5.333333333333333,7.0,7.333333333333333,2.3333333333333335,3.6666666666666665,2.0,3.0,0.0,0.3333333333333333,0.0,0.0,0.39999999999999997,0.2929292929292929,4.0,3.611111111111111,1.1282407407407409,0.5848290598290599,0.5944444444444444,1.2578754578754578,1.2981481481481483,1.8619528619528622,1.7402597402597404,0.8005952380952381,-0.3333333333333333,-0.3333333333333333,0.0,0.0,0.0,0.0,0.0,0.0,0.0,0.0,0.0,0.0,0.0,0.0,0.0,0.0,0.0,0.0,0.0,0.0,0.0,0.0,0.0,0.0,0.0,0.0,0.0,0.0,0.0,0.0,0.0,0.0,0.0,0.0,0.0,0.0,0.0,0.0,0.0,0.0,0.0,0.0,0.0,0.0,5,4
west ham,man united,H,2024,6,10,-2.4492935982947064e-16,1.0,-0.8660254037844386,0.5000000000000001,0.3311067603362892,0.2542899919382701,0.4146032477254405,1.6666666666666667,0.0,2.3333333333333335,1.0,16.0,8.666666666666666,14.666666666666666,15.0,7.333333333333333,3.0,5.0,6.666666666666667,13.0,10.0,6.0,12.333333333333334,4.666666666666667,3.3333333333333335,7.0,7.0,2.6666666666666665,1.6666666666666667,1.6666666666666667,3.3333333333333335,0.0,0.3333333333333333,0.0,0.0,0.4106280193236715,0.4006734006734007,2.111111111111111,4.444444444444445,1.4134460547504026,0.6666666666666666,2.4074074074074074,0.8199855699855699,1.163768115942029,1.9696969696969697,0.44313725490196076,1.301226551226551,-0.6666666666666666,-1.0,0.0,0.0,0.0,0.0,0.0,0.0,0.0,0.0,0.0,0.0,0.0,0.0,0.0,0.0,0.0,0.0,0.0,0.0,0.0,0.0,0.0,0.0,0.0,0.0,0.0,0.0,0.0,0.0,0.0,0.0,0.0,0.0,0.0,0.0,0.0,0.0,0.0,0.0,0.0,0.0,0.0,0.0,6,5
arsenal,liverpool,D,2024,6,10,-2.4492935982947064e-16,1.0,-0.8660254037844386,0.5000000000000001,0.3800403225806452,0.2923387096774194,0.3276209677419355,2.6666666666666665,0.3333333333333333,1.3333333333333333,2.0,25.333333333333332,8.333333333333334,11.666666666666666,12.333333333333334,9.666666666666666,3.6666666666666665,3.0,4.333333333333333,11.0,10.0,7.333333333333333,10.0,11.0,3.3333333333333335,2.6666666666666665,6.666666666666667,1.6666666666666667,3.3333333333333335,3.0,2.0,0.3333333333333333,0.0,0.0,0.0,0.4292348775107396,0.4351851851851852,2.5,2.6666666666666665,3.775,0.6965909090909091,1.5529100529100528,1.1555555555555557,0.8049169859514688,1.4675925925925926,0.6762626262626262,1.2142857142857142,1.3333333333333333,-1.6666666666666667,0.0,0.0,0.0,0.0,0.0,0.0,0.0,0.0,0.0,0.0,0.0,0.0,0.0,0.0,0.0,0.0,0.0,0.0,0.0,0.0,0.0,0.0,0.0,0.0,0.0,0.0,0.0,0.0,0.0,0.0,0.0,0.0,0.0,0.0,0.0,0.0,0.0,0.0,0.0,0.0,0.0,0.0,11,13
newcastle,arsenal,H,2024,5,11,-0.8660254037844386,0.5000000000000001,-0.5000000000000004,0.8660254037844384,0.2549019607843137,0.2549019607843137,0.4901960784313726,1.0,1.3333333333333333,1.0,1.0,13.666666666666666,20.333333333333332,15.333333333333334,6.0,4.333333333333333,6.666666666666667,5.666666666666667,2.6666666666666665,13.666666666666666,10.666666666666666,10.666666666666666,10.333333333333334,7.0,7.333333333333333,7.333333333333333,4.0,3.3333333333333335,3.0,3.3333333333333335,2.6666666666666665,0.0,0.0,0.0,0.6666666666666666,0.32756132756132755,0.3247863247863248,5.666666666666667,2.1666666666666665,1.0791666666666666,3.6365079365079365,1.2843304843304844,1.0303030303030303,1.3843193843193842,0.35990675990675997,0.7816558441558442,1.0381562881562882,0.0,0.3333333333333333,0.0,0.0,0.0,0.0,0.0,0.0,0.0,0.0,0.0,0.0,0.0,0.0,0.0,0.0,0.0,0.0,0.0,0.0,0.0,0.0,0.0,0.0,0.0,0.0,0.0,0.0,0.0,0.0,0.0,0.0,0.0,0.0,0.0,0.0,0.0,0.0,0.0,0.0,0.0,0.0,0.0,0.0,10,7
bournemouth,man city,H,2024,5,11,-0.8660254037844386,0.5000000000000001,-0.5000000000000004,0.8660254037844384,0.1720368389470114,0.22528633671632445,0.6026768243366641,1.6666666666666667,1.0,0.6666666666666666,2.0,15.333333333333334,8.0,8.333333333333334,20.333333333333332,5.666666666666667,2.6666666666666665,2.3333333333333335,7.0,15.666666666666666,10.666666666666666,10.666666666666666,6.0,6.666666666666667,3.0,3.6666666666666665,11.666666666666666,3.0,3.6666666666666665,4.666666666666667,2.3333333333333335,0.0,0.0,0.3333333333333333,0.0,0.368228262965105,0.41010101010101013,2.3333333333333335,4.055555555555555,1.874074074074074,0.4195487483530962,1.4840067340067338,2.111111111111111,0.5435704646230962,3.695959595959596,0.7035818713450293,0.5464285714285714,1.0,-1.0,0.0,0.0,0.0,0.0,0.0,0.0,0.0,0.0,0.0,0.0,0.0,0.0,0.0,0.0,0.0,0.0,0.0,0.0,0.0,0.0,0.0,0.0,0.0,0.0,0.0,0.0,0.0,0.0,0.0,0.0,0.0,0.0,0.0,0.0,0.0,0.0,0.0,0.0,0.0,0.0,0.0,0.0,10,10
ipswich,leicester,D,2024,5,11,-0.8660254037844386,0.5000000000000001,-0.5000000000000004,0.8660254037844384,0.42217898832684825,0.2714007782101167,0.306420233463035,1.0,2.6666666666666665,1.6666666666666667,2.3333333333333335,13.0,23.333333333333332,9.0,10.666666666666666,3.6666666666666665,9.0,5.0,3.6666666666666665,12.333333333333334,10.666666666666666,13.0,10.333333333333334,7.666666666666667,10.666666666666666,4.666666666666667,2.6666666666666665,2.3333333333333335,2.3333333333333335,1.6666666666666667,3.3333333333333335,0.0,0.3333333333333333,0.0,0.0,0.2836052836052836,0.3814814814814815,3.1666666666666665,1.611111111111111,1.5156325156325157,3.4,0.9714285714285714,1.1888888888888889,0.7103341103341103,0.6248677248677249,1.0777777777777777,0.9696969696969697,-0.6666666666666666,0.3333333333333333,0.0,0.0,0.0,0.0,0.0,0.0,0.0,0.0,0.0,0.0,0.0,0.0,0.0,0.0,0.0,0.0,0.0,0.0,0.0,0.0,0.0,0.0,0.0,0.0,0.0,0.0,0.0,0.0,0.0,0.0,0.0,0.0,0.0,0.0,0.0,0.0,0.0,0.0,0.0,0.0,0.0,0.0,3,5
liverpool,brighton,H,2024,5,11,-0.8660254037844386,0.5000000000000001,-0.5000000000000004,0.8660254037844384,0.6818181818181818,0.19090909090909092,0.12727272727272726,1.6666666666666667,1.6666666666666667,0.6666666666666666,1.3333333333333333,14.0,15.666666666666666,12.0,15.666666666666666,7.666666666666667,6.666666666666667,3.6666666666666665,4.666666666666667,12.333333333333334,11.333333333333334,10.333333333333334,8.0,3.6666666666666665,6.666666666666667,5.666666666666667,4.333333333333333,3.0,2.6666666666666665,3.6666666666666665,2.0,0.0,0.3333333333333333,0.0,0.0,0.5323029796714007,0.4629148629148629,3.6666666666666665,3.8333333333333335,1.5166666666666666,1.2,1.4188034188034189,1.4371693121693123,0.8968253968253969,1.1587301587301588,0.8944444444444444,0.7095959595959597,1.0,0.3333333333333333,0.0,0.0,0.0,0.0,0.0,0.0,0.0,0.0,0.0,0.0,0.0,0.0,0.0,0.0,0.0,0.0,0.0,0.0,0.0,0.0,0.0,0.0,0.0,0.0,0.0,0.0,0.0,0.0,0.0,0.0,0.0,0.0,0.0,0.0,0.0,0.0,0.0,0.0,0.0,0.0,0.0,0.0,12,7
nottm forest,west ham,H,2024,5,11,-0.8660254037844386,0.5000000000000001,-0.5000000000000004,0.8660254037844384,0.44510940714419295,0.27342435010286137,0.2814662427529456,0.6666666666666666,2.0,0.6666666666666666,1.0,15.666666666666666,17.0,15.0,13.666666666666666,4.0,5.0,4.0,3.3333333333333335,11.666666666666666,9.0,15.0,14.666666666666666,6.333333333333333,7.666666666666667,4.666666666666667,4.666666666666667,2.3333333333333335,1.6666666666666667,3.6666666666666665,3.0,0.0,0.0,0.0,0.3333333333333333,0.23446969696969697,0.31042568542568544,4.0,3.3333333333333335,1.0800865800865802,1.4433811802232857,0.7722222222222221,0.5606060606060606,0.9867424242424242,1.1329365079365081,1.298989898989899,2.733333333333333,0.0,1.0,0.0,0.0,0.0,0.0,0.0,0.0,0.0,0.0,0.0,0.0,0.0,0.0,0.0,0.0,0.0,0.0,0.0,0.0,0.0,0.0,0.0,0.0,0.0,0.0,0.0,0.0,0.0,0.0,0.0,0.0,0.0,0.0,0.0,0.0,0.0,0.0,0.0,0.0,0.0,0.0,0.0,0.0,8,5
southampton,everton,H,2024,5,11,-0.8660254037844386,0.5000000000000001,-0.5000000000000004,0.8660254037844384,0.3605514316012725,0.2788971367974549,0.3605514316012725,1.0,1.3333333333333333,2.3333333333333335,1.6666666666666667,10.333333333333334,14.0,17.0,11.0,4.666666666666667,4.0,6.666666666666667,5.0,12.333333333333334,11.0,13.333333333333334,11.333333333333334,4.0,5.666666666666667,7.666666666666667,3.6666666666666665,3.3333333333333335,1.0,3.6666666666666665,2.3333333333333335,0.6666666666666666,0.0,0.0,0.0,0.47979797979797983,0.26370035193564606,3.555555555555556,3.3333333333333335,0.6413105413105412,1.5883838383838385,0.9285714285714285,0.9833333333333333,1.9336219336219338,0.8441427853192559,1.0909090909090908,1.0414141414141416,-1.3333333333333333,-0.3333333333333333,0.0,0.0,0.0,0.0,0.0,0.0,0.0,0.0,0.0,0.0,0.0,0.0,0.0,0.0,0.0,0.0,0.0,0.0,0.0,0.0,0.0,0.0,0.0,0.0,0.0,0.0,0.0,0.0,0.0,0.0,0.0,0.0,0.0,0.0,0.0,0.0,0.0,0.0,0.0,0.0,0.0,0.0,4,4
wolves,crystal palace,D,2024,5,11,-0.8660254037844386,0.5000000000000001,-0.5000000000000004,0.8660254037844384,0.3841205083947906,0.2824415502902872,0.3334379413149224,1.0,1.3333333333333333,2.0,0.6666666666666666,7.666666666666667,13.666666666666666,15.333333333333334,15.333333333333334,3.3333333333333335,5.0,6.333333333333333,5.0,13.666666666666666,10.333333333333334,6.333333333333333,12.0,2.3333333333333335,5.0,11.666666666666666,6.333333333333333,3.0,2.6666666666666665,2.3333333333333335,2.0,0.0,0.0,0.0,0.0,0.48611111111111116,0.3628205128205128,3.1666666666666665,5.0,0.5978354978354977,0.971677559912854,2.1444444444444444,0.8747086247086248,3.25,1.2724358974358976,0.49264705882352944,1.207977207977208,-1.0,0.6666666666666666,0.0,0.0,0.0,0.0,0.0,0.0,0.0,0.0,0.0,0.0,0.0,0.0,0.0,0.0,0.0,0.0,0.0,0.0,0.0,0.0,0.0,0.0,0.0,0.0,0.0,0.0,0.0,0.0,0.0,0.0,0.0,0.0,0.0,0.0,0.0,0.0,0.0,0.0,0.0,0.0,0.0,0.0,1,2
tottenham,aston villa,H,2024,6,11,-2.4492935982947064e-16,1.0,-0.5000000000000004,0.8660254037844384,0.49799419006778256,0.23779222575736617,0.2642135841748513,2.3333333333333335,1.3333333333333333,1.0,2.3333333333333335,20.0,11.333333333333334,8.0,10.333333333333334,7.333333333333333,4.0,4.666666666666667,4.333333333333333,11.333333333333334,10.333333333333334,11.333333333333334,15.333333333333334,9.666666666666666,5.666666666666667,5.0,5.0,3.0,3.6666666666666665,2.3333333333333335,3.0,0.0,0.3333333333333333,0.3333333333333333,0.3333333333333333,0.3620992534036012,0.35555555555555557,4.666666666666667,1.888888888888889,2.6587301587301586,1.2523809523809524,1.062962962962963,0.6868686868686869,0.4091787439613526,0.9925925925925926,1.029137529137529,1.4634615384615384,1.3333333333333333,-1.0,0.0,0.0,0.0,0.0,0.0,0.0,0.0,0.0,0.0,0.0,0.0,0.0,0.0,0.0,0.0,0.0,0.0,0.0,0.0,0.0,0.0,0.0,0.0,0.0,0.0,0.0,0.0,0.0,0.0,0.0,0.0,0.0,0.0,0.0,0.0,0.0,0.0,0.0,0.0,0.0,0.0,0.0,12,10
man united,chelsea,D,2024,6,11,-2.4492935982947064e-16,1.0,-0.5000000000000004,0.8660254037844384,0.36458333333333337,0.27083333333333337,0.36458333333333337,0.6666666666666666,0.6666666666666666,2.3333333333333335,1.6666666666666667,14.0,14.333333333333334,14.333333333333334,11.333333333333334,5.333333333333333,6.333333333333333,5.0,3.3333333333333335,12.333333333333334,15.0,8.666666666666666,10.333333333333334,6.333333333333333,4.333333333333333,2.3333333333333335,4.666666666666667,3.6666666666666665,5.0,2.0,4.333333333333333,0.3333333333333333,0.0,0.0,0.0,0.3450263504611331,0.46354775828460043,2.111111111111111,2.2222222222222223,1.3535353535353536,1.3,1.6476190476190473,1.5299145299145298,1.3015480895915676,0.8865497076023393,0.7440476190476191,0.7250816993464052,-1.6666666666666667,-1.0,0.0,0.0,0.0,0.0,0.0,0.0,0.0,0.0,0.0,0.0,0.0,0.0,0.0,0.0,0.0,0.0,0.0,0.0,0.0,0.0,0.0,0.0,0.0,0.0,0.0,0.0,0.0,0.0,0.0,0.0,0.0,0.0,0.0,0.0,0.0,0.0,0.0,0.0,0.0,0.0,0.0,0.0,7,10
fulham,brentford,H,2024,0,11,0.0,1.0,-0.5000000000000004,0.8660254037844384,0.47349177330895803,0.25594149908592323,0.27056672760511885,1.6666666666666667,2.3333333333333335,1.6666666666666667,1.0,17.666666666666668,21.333333333333332,13.333333333333334,7.333333333333333,6.666666666666667,9.333333333333334,4.0,4.333333333333333,13.0,11.333333333333334,12.333333333333334,5.666666666666667,5.0,10.0,4.333333333333333,3.0,3.6666666666666665,2.6666666666666665,2.0,1.3333333333333333,0.3333333333333333,0.0,0.3333333333333333,0.0,0.37936507936507935,0.43397745571658614,2.888888888888889,4.333333333333333,1.3633477633477635,2.986111111111111,1.1868686868686869,2.3407407407407406,0.8685425685425686,0.35104669887278583,1.0250000000000001,0.5028860028860029,0.0,1.3333333333333333,0.0,0.0,0.0,0.0,0.0,0.0,0.0,0.0,0.0,0.0,0.0,0.0,0.0,0.0,0.0,0.0,0.0,0.0,0.0,0.0,0.0,0.0,0.0,0.0,0.0,0.0,0.0,0.0,0.0,0.0,0.0,0.0,0.0,0.0,0.0,0.0,0.0,0.0,0.0,0.0,0.0,0.0,10,0
brentford,bournemouth,H,2024,5,11,-0.8660254037844386,0.5000000000000001,-0.5000000000000004,0.8660254037844384,0.3787575150300601,0.2705410821643286,0.3507014028056112,3.3333333333333335,1.6666666666666667,2.3333333333333335,0.3333333333333333,15.666666666666666,14.333333333333334,15.666666666666666,15.666666666666666,8.0,7.666666666666667,4.666666666666667,3.6666666666666665,6.0,11.333333333333334,10.333333333333334,13.333333333333334,7.333333333333333,4.0,5.0,8.333333333333334,1.3333333333333333,4.0,2.3333333333333335,3.6666666666666665,0.0,0.0,0.3333333333333333,0.0,0.48552631578947364,0.4873294346978558,2.2222222222222223,3.6666666666666665,1.1189605028614318,0.9964349376114082,0.5939393939393939,0.8492063492063492,1.2732456140350876,1.4814814814814816,2.67989417989418,1.1777777777777778,1.0,1.3333333333333333,3.0,1.6,1.8,1.0,15.2,15.0,15.8,15.4,7.2,7.8,5.2,4.4,6.8,11.4,10.6,9.8,5.6,4.4,6.0,7.0,1.4,3.0,2.6,3.0,0.0,0.0,0.2,0.0,0.4724269005847953,0.49557226399331655,3.7333333333333334,3.4666666666666672,1.02216995251051,1.0250102838338133,0.7220779220779221,2.1345238095238095,1.2550584795321638,1.2634920634920637,2.247936507936508,0.8341176470588236,1.2,0.6,16,5
crystal palace,fulham,A,2024,5,11,-0.8660254037844386,0.5000000000000001,-0.5000000000000004,0.8660254037844384,0.3533254156769596,0.2725653206650831,0.37410926365795727,0.3333333333333333,1.3333333333333333,0.3333333333333333,1.3333333333333333,10.666666666666666,13.666666666666666,14.0,13.0,5.0,4.333333333333333,4.333333333333333,3.0,10.0,7.666666666666667,13.0,11.0,5.0,6.0,9.0,3.3333333333333335,3.6666666666666665,1.6666666666666667,2.3333333333333335,1.6666666666666667,0.0,0.0,0.0,0.0,0.4761904761904762,0.3136363636363636,4.333333333333333,2.3333333333333335,0.8117424242424242,1.1060606060606062,0.7944444444444444,0.7111111111111111,1.41005291005291,1.0742424242424242,1.5357142857142858,1.621212121212121,0.0,0.0,0.6,1.2,1.0,1.0,13.2,13.2,13.8,11.6,4.2,4.4,4.0,3.0,10.0,10.0,14.2,11.6,4.6,6.6,6.4,4.8,2.4,1.8,2.2,2.2,0.0,0.0,0.0,0.0,0.35428571428571426,0.3323376623376623,3.3,2.6,1.0870454545454546,1.188080808080808,0.7292156862745098,0.8666666666666666,1.193174603174603,0.9510389610389611,1.571933621933622,1.3393939393939394,-0.4,0.2,5,8
west ham,everton,D,2024,5,11,-0.8660254037844386,0.5000000000000001,-0.5000000000000004,0.8660254037844384,0.44155844155844154,0.2792207792207792,0.2792207792207792,2.0,0.6666666666666666,1.6666666666666667,1.0,16.666666666666668,11.333333333333334,13.0,14.333333333333334,7.666666666666667,2.0,4.0,6.0,11.666666666666666,12.333333333333334,7.333333333333333,13.333333333333334,5.666666666666667,4.666666666666667,5.0,5.0,3.3333333333333335,2.0,1.3333333333333333,1.6666666666666667,0.0,0.0,0.0,0.0,0.42729468599033815,0.1809116809116809,2.888888888888889,4.666666666666667,1.4907407407407407,0.8314393939393939,1.582010582010582,0.9648148148148147,0.8971014492753623,1.319088319088319,0.7320261437908497,1.06998556998557,0.3333333333333333,-0.3333333333333333,1.6,1.8,2.0,1.0,14.8,12.8,15.4,11.8,5.6,4.2,4.6,4.2,12.6,11.6,7.2,13.4,5.0,6.4,5.8,4.4,2.8,1.4,1.6,1.8,0.0,0.0,0.0,0.0,0.33923395445134574,0.3103569632981398,2.5666666666666664,3.2,1.1680676328502415,1.3255303030303032,1.943145743145743,0.8922222222222222,1.2125465838509315,1.015887380593263,0.6214379084967321,1.1547186147186146,-0.4,0.8,7,5
wolves,southampton,H,2024,5,11,-0.8660254037844386,0.5000000000000001,-0.5000000000000004,0.8660254037844384,0.4953764861294584,0.2523117569352708,0.2523117569352708,1.3333333333333333,2.3333333333333335,2.0,0.6666666666666666,7.333333333333333,21.666666666666668,17.0,7.333333333333333,3.6666666666666665,6.666666666666667,6.666666666666667,2.3333333333333335,10.333333333333334,12.666666666666666,7.333333333333333,10.0,2.0,10.666666666666666,11.333333333333334,2.0,2.3333333333333335,1.0,2.0,3.6666666666666665,0.0,0.0,0.0,0.0,0.529040404040404,0.3330347813106434,3.3333333333333335,2.3333333333333335,0.505103668261563,3.1935185185185184,1.4592592592592595,1.2314814814814814,3.4368686868686864,0.3819973130317958,0.8035714285714285,0.8438596491228069,-0.6666666666666666,1.6666666666666667,1.4,2.2,2.8,0.6,9.2,17.6,15.8,11.8,4.0,5.6,6.8,3.4,12.2,12.6,8.2,10.6,3.0,7.4,9.2,5.2,2.4,1.4,2.4,3.2,0.0,0.2,0.0,0.0,0.4674242424242424,0.33648753545305266,2.8666666666666663,3.4,0.6459193438140807,2.1699122807017543,1.6422222222222225,1.2121031746031747,2.528787878787879,1.6758650544857443,0.7527310924369749,0.8596491228070174,-1.4,1.6,4,0
brighton,man city,H,2024,5,11,-0.8660254037844386,0.5000000000000001,-0.5000000000000004,0.8660254037844384,0.23008961651730578,0.22461129231451277,0.5452990911681813,2.3333333333333335,1.3333333333333333,2.0,1.3333333333333333,14.666666666666666,8.666666666666666,10.333333333333334,18.666666666666668,4.333333333333333,4.0,4.333333333333333,5.666666666666667,12.666666666666666,11.0,10.333333333333334,7.0,7.333333333333333,3.0,4.666666666666667,11.333333333333334,2.6666666666666665,3.3333333333333335,3.0,2.0,0.0,0.0,0.3333333333333333,0.0,0.29790385053542945,0.51010101010101,2.1666666666666665,4.5,1.9010989010989012,0.4968434343434343,1.2303030303030302,1.611111111111111,0.7347915242652086,3.4292929292929295,0.8214285714285715,0.6282467532467532,0.3333333333333333,0.0,1.8,1.0,1.4,1.8,15.8,9.2,9.6,18.0,4.8,3.4,3.6,6.0,12.2,11.0,12.0,6.6,7.0,3.2,4.0,9.6,2.6,2.8,2.8,1.8,0.0,0.0,0.2,0.0,0.3073137388926862,0.40606060606060607,2.3,3.733333333333333,2.095204795204795,0.5668807641633729,1.0516433566433565,1.9,0.6551606288448394,2.7375757575757573,1.0103174603174603,0.5869480519480519,0.4,-0.8,12,10
liverpool,aston villa,H,2024,5,11,-0.8660254037844386,0.5000000000000001,-0.5000000000000004,0.8660254037844384,0.6716197598897855,0.1816571541035229,0.1467230860066916,2.3333333333333335,2.3333333333333335,0.6666666666666666,2.0,14.666666666666666,13.666666666666666,14.666666666666666,11.0,8.666666666666666,5.0,4.333333333333333,3.0,10.666666666666666,10.666666666666666,14.333333333333334,13.0,4.666666666666667,7.333333333333333,7.333333333333333,5.0,2.0,3.0,2.6666666666666665,1.3333333333333333,0.0,0.3333333333333333,0.0,0.3333333333333333,0.5799220272904483,0.36944444444444446,4.333333333333333,1.388888888888889,0.9935897435897436,1.3968253968253965,0.7706552706552707,0.8138528138528138,1.048611111111111,0.8722222222222221,1.361111111111111,1.2583333333333333,1.6666666666666667,0.3333333333333333,1.8,1.8,0.6,2.0,15.4,12.8,11.4,11.6,7.8,4.2,3.6,3.4,11.4,12.6,11.2,14.2,6.0,5.6,5.6,4.4,2.4,2.8,3.0,2.2,0.0,0.2,0.0,0.2,0.5035923141186298,0.33119047619047615,3.6,1.6333333333333333,1.6311538461538462,1.2047619047619047,1.2481074481074481,0.9393939393939394,0.7848057644110276,0.9598412698412698,1.0366666666666666,1.2002991452991452,1.2,-0.2,15,10
man united,leicester,H,2024,6,11,-2.4492935982947064e-16,1.0,-0.5000000000000004,0.8660254037844384,0.6834257312177403,0.1714777289237239,0.14509653985853563,1.0,2.3333333333333335,1.6666666666666667,2.0,15.0,21.333333333333332,14.666666666666666,14.333333333333334,5.666666666666667,8.333333333333334,5.0,4.333333333333333,16.333333333333332,10.666666666666666,11.0,8.666666666666666,6.0,10.333333333333334,4.333333333333333,4.0,4.333333333333333,3.6666666666666665,2.3333333333333335,3.0,0.3333333333333333,0.6666666666666666,0.0,0.0,0.34123847167325433,0.3624338624338624,2.777777777777778,2.944444444444444,1.4166666666666667,2.8925925925925924,1.7666666666666664,1.3111111111111111,1.206851119894598,0.9510582010582013,0.656328320802005,0.8181818181818182,-0.6666666666666666,0.3333333333333333,0.8,2.2,1.6,1.8,13.4,20.4,13.0,12.4,5.0,7.0,4.0,4.2,13.6,11.4,10.0,10.8,6.0,8.6,4.6,3.8,3.8,2.6,2.2,2.8,0.2,0.4,0.0,0.0,0.35117165443252396,0.32412698412698415,2.2666666666666666,2.9666666666666663,1.2754545454545454,2.54,1.5,1.1487179487179486,1.1419678147939016,0.7717460317460318,0.7604636591478696,0.9493506493506493,-0.8,0.4,10,5
nottm forest,newcastle,A,2024,6,11,-2.4492935982947064e-16,1.0,-0.5000000000000004,0.8660254037844384,0.3548387096774194,0.2903225806451613,0.3548387096774194,1.3333333333333333,1.6666666666666667,0.3333333333333333,0.6666666666666666,16.666666666666668,15.666666666666666,12.666666666666666,13.333333333333334,4.333333333333333,6.666666666666667,3.6666666666666665,3.3333333333333335,9.0,13.666666666666666,12.0,10.666666666666666,7.666666666666667,4.333333333333333,5.666666666666667,4.666666666666667,1.6666666666666667,4.333333333333333,3.0,1.6666666666666667,0.0,0.0,0.3333333333333333,0.0,0.23556618819776712,0.38725490196078427,3.6666666666666665,3.3333333333333335,2.1785714285714284,1.1945165945165943,0.7537037037037037,1.4375,0.8277511961722488,1.0262923351158644,1.3275613275613276,0.7991452991452991,1.0,1.0,1.2,1.4,0.6,1.0,16.0,15.0,12.4,13.6,5.2,5.8,3.6,4.2,11.8,15.4,12.4,9.2,6.4,5.0,5.2,6.0,1.8,3.6,3.2,2.0,0.0,0.0,0.2,0.0,0.3181254272043746,0.3656862745098039,3.6,3.6,1.8134365634365637,1.1167099567099565,1.0438888888888889,1.9041666666666668,0.8198650034176349,1.024108734402852,1.13065444359562,0.6342859410970866,0.6,0.4,8,8
tottenham,ipswich,A,2024,6,11,-2.4492935982947064e-16,1.0,-0.5000000000000004,0.8660254037844384,0.7512038523274479,0.14446227929373998,0.1043338683788122,3.6666666666666665,3.0,1.0,1.6666666666666667,20.333333333333332,18.0,9.666666666666666,11.0,7.666666666666667,8.333333333333334,3.6666666666666665,4.333333333333333,11.666666666666666,11.666666666666666,12.666666666666666,10.666666666666666,9.333333333333334,4.0,4.333333333333333,6.666666666666667,2.0,1.3333333333333333,1.3333333333333333,2.0,0.0,0.0,0.3333333333333333,0.3333333333333333,0.37598814229249017,0.4293148880105402,3.6666666666666665,3.222222222222222,2.388888888888889,1.7399637399637398,0.9629629629629631,1.2333333333333334,0.503623188405797,0.7077075098814231,1.1060606060606062,0.9761904761904763,2.6666666666666665,1.3333333333333333,3.0,2.6,0.8,1.2,17.8,17.8,9.2,8.0,7.0,7.2,3.2,3.0,11.8,10.6,12.6,12.6,9.4,6.2,4.8,4.6,2.2,2.0,1.4,2.4,0.0,0.0,0.2,0.2,0.3999518597344684,0.38616036137775267,3.2,2.333333333333333,2.1219047619047617,4.543978243978244,0.9844444444444445,0.9683333333333334,0.5493534002229655,0.4960530773574252,1.0902097902097903,1.5642857142857143,2.2,1.4,12,5
chelsea,arsenal,D,2024,6,11,-2.4492935982947064e-16,1.0,-0.5000000000000004,0.8660254037844384,0.35051546391752575,0.27835051546391754,0.3711340206185567,2.3333333333333335,1.6666666666666667,1.3333333333333333,0.6666666666666666,18.0,18.333333333333332,14.0,7.0,7.333333333333333,6.333333333333333,5.666666666666667,1.6666666666666667,12.0,11.666666666666666,11.666666666666666,13.0,8.666666666666666,6.333333333333333,3.0,4.0,5.0,2.6666666666666665,2.3333333333333335,3.0,0.0,0.0,0.3333333333333333,0.6666666666666666,0.4140225787284611,0.3618233618233618,4.833333333333333,1.1666666666666667,1.3068181818181819,3.222222222222222,1.0928030303030303,0.8932659932659931,0.7914438502673797,0.5747215747215747,0.9582362082362081,1.1567460317460319,1.0,1.0,1.6,1.0,1.4,1.0,15.4,16.2,12.4,7.4,6.4,5.4,5.0,2.6,11.4,11.2,11.4,12.8,6.8,6.0,3.4,3.8,4.0,2.8,2.0,3.0,0.0,0.0,0.2,0.4,0.4161058549293843,0.3383061383061383,4.0,1.9,1.2547979797979798,2.6063492063492064,1.0608100233100233,0.9026262626262624,0.8333278486219664,0.6018026418026418,1.013830613830614,1.222893772893773,0.2,0.0,9,8
